Type,Common Name of Products,Trade Name of Products,Registration No,Name of Registration Holder,Recommended Crops,Recommended Pests,Dosage rate/ha
Miticide,Bromopropylate,Nerot 500 EC,AP-398,Hossain Enterprise C.C.Limited,Jute,Yellow mites,0.05% a.i
Miticide,Bromopropylate,Nerot 500 EC,AP-398,Hossain Enterprise C.C.Limited,Tea,Red mites & other mites,1.12 Litre
Miticide,Bromopropylate,Myron 500 EC,AP-1410,Aungkur Traders,Tea,Red Spider mites,1.00 Litre
Miticide,Ethion,Sethion 46.5 EC,AP-295,Shetu Pesticides Limited,Tea,Red mites & other mites,1.25 Litre
Miticide,Ethion,Ethion 46.5 EC,AP-542,FMC Chemical International AG,Tea,Red mites & other mites,1.26 Litre
Miticide,Ethion,Ethion 46.5 EC,AP-542,FMC Chemical International AG,Jute,Yellow mites & others mites,1.68 Litre
Miticide,Ethion,Ethion 46.5 EC,AP-542,FMC Chemical International AG,Cotton,Mites & White fly,2.50 Litre
Miticide,Ethion,Ethiosul 46.5 EC,AP-777,Hossain Enterprise C.C.Limited,Tea,Red spider mites,1.25 Litre
Miticide,Ethion,Ethiosul 46.5 EC,AP-777,Hossain Enterprise C.C.Limited,Jute,Yellow mite,1.68 Litre
Miticide,Fenpropathrin,Danitol 10 EC,AP-291,Shetu Corporation Limited,Brinjal,Red spider mite,1 ml/Litre of water
Miticide,Fenpropathrin,Danitol 10 EC,AP-291,Shetu Corporation Limited,Tea,Red spider mite,1.00 Litre
Miticide,Fenpropathrin,Danitol 10 EC,AP-291,Shetu Corporation Limited,Tea,Red spider mite,1.00 Litre
Miticide,Hexathazox,Hexarite 5 EC,AP-1388,Naafco (Private) Limited,Tea,Red spider mites,1.00 Litre
Miticide,Propergite,Omite 57 EC,AP-184,Shetu Corporation Limited,Tea,Red spider mites,1.00 Litre
Miticide,Propergite,Omite 57 EC,AP-184,Shetu Corporation Limited,Brinjal,Red mite,1.00 Litre
Miticide,Propergite,Sumite 57 EC,AP-360,McDonald Bangladesh (Pvt) Limited,Tea,Red mites,1.68 Litre
Miticide,Propergite,Emimite 57 EC,AP-1159,Eminence Chemical Industries Ltd,Tea,Red spider mites,1.00 Litre
Miticide,Propergite,Motive 57 EC,AP-1189,Mosco Marketing Company,Tea,Red spider mites,1.00 Litre
Miticide,Propergite,Aromit 57 EC,AP-2308,Sun Seed Pesticides,Tea,Red spider mites,1.00 Litre
Miticide,Propergite,Mastamite 57 EC,AP-2447,Hossain Enterprise C.C. Limited,Tea,Red spider mites,1.00 Litre
Miticide,Sulphur,Microthiol Special 80 WP,AP-252,Shetu Pesticides Limited,Tea,Red mites & other mites,2.20 Kg
Miticide,Sulphur,Microthiol Special 80 WP,AP-252,Shetu Pesticides Limited,Rice,Leaf scald,2.25 Kg
Miticide,Sulphur,Limi Sulphur 80 WP,AP-292,The Limit Agroproducts Limited,Jute,Yellow mites,1.68 Kg
Miticide,Sulphur,Limi Sulphur 80 WP,AP-292,The Limit Agroproducts Limited,Tea,Red mites,2.20 Kg
Miticide,Sulphur,Sulfex 80 WP,AP-356,Auto Crop Care Limited,Jute,Yellow mites,1.50 gm/Litre of water
Miticide,Sulphur,Sulfex 80 WP,AP-356,Auto Crop Care Limited,Tea,Red spider mite,2.20 Kg
Miticide,Sulphur,Sulphotox 80 WP,AP-357,ACI Formulations Limited,Jute,Yellow mites,1.50 gm/Litre of water
Miticide,Sulphur,Sulphotox 80 WP,AP-357,ACI Formulations Limited,Tea,Red mites,2.20 Kg
Miticide,Sulphur,Wettasul 80 WP,AP-358,Alpha Agro Limited,Jute,Yellow mites,1.50 gm/Litre of water
Miticide,Sulphur,McSulphur 80 WP,AP-367,McDonald Bangladesh (Pvt) Limited,Jute,Yellow mite,0.12 (1.5gm/Litre of wa.)
Miticide,Sulphur,McSulphur 80 WP,AP-367,McDonald Bangladesh (Pvt) Limited,Tea,"Red spider,Scarlet,Purple,Pink mites",2.25 Kg
Miticide,Sulphur,McSulphur 80 WP,AP-367,McDonald Bangladesh (Pvt) Limited,Cucurbits,Powdery mildew,2 gm/Litre of water
Miticide,Sulphur,Ronovit 80 WG,AP-388,Bayer CropScience Limited,Tea,Red spider mites,2.20 Kg
Miticide,Sulphur,Ronovit 80 WG,AP-388,Bayer CropScience Limited,Jute,Yellow mites,0.12% formulated
Miticide,Sulphur,Cosavet DF,AP-397,Alpha Agro Limited,Jute,Yellow mites,880 gm
Miticide,Sulphur,Cosavet DF,AP-397,Alpha Agro Limited,Tea,Red mites,2.20 Kg
Miticide,Sulphur,Cosavet DF,AP-397,Alpha Agro Limited,Cucurbits,Powdery mildew,2 gm/Litre of water
Miticide,Sulphur,Sulphur 80 WP,AP-392,Reximco Insecticides Limited,Jute,Yellow mites,0.12% a.i.
Miticide,Sulphur,Sulphur 80 WP,AP-392,Reximco Insecticides Limited,Tea,Mites,2.20 Kg
Miticide,Sulphur,Sulphur 80 WP,AP-392,Reximco Insecticides Limited,Cucurbits,Powdery mildew,1.25 gm/Litre of water
Miticide,Sulphur,Sulfolac 80% WG,AP-413,Haychem (Bangladesh) Limited,Jute,Yellow Mites,2.20 Kg
Miticide,Sulphur,Sulfolac 80% WG,AP-413,Haychem (Bangladesh) Limited,Cucurbits,Powdery mildew,1.25 gm/Litre of water
Miticide,Sulphur,Sulfolac 80% WG,AP-413,Haychem (Bangladesh) Limited,Tea,Red mites,2.20 Kg
Miticide,Sulphur,Sulfolac 80% WG,AP-413,Haychem (Bangladesh) Limited,Rice,Leaf scald,2.25 Kg
Miticide,Sulphur,Filvit 80 WG,AP-480,Agritech,Tea,Red mites,2.20 Kg
Miticide,Sulphur,Haysulf DF 80%,AP-481,Haychem (Bangladesh) Limited,Tea,Red mites,2.20 Kg
Miticide,Sulphur,Haysulf DF 80%,AP-481,Haychem (Bangladesh) Limited,Cucurbits,Powdery mildew,2 gm/Litre of water
Miticide,Sulphur,Haysulf DF 80%,AP-481,Haychem (Bangladesh) Limited,Jute,Yellow mites,0.12 a.i
Miticide,Sulphur,Haysulf DF 80%,AP-481,Haychem (Bangladesh) Limited,Coriander,Powdery mildew,2 gm/Litre of water
Miticide,Sulphur,Phytovit 80 DF,AP-510,Axil Life Sciences Limited,Cucurbits,Powdery mildew,2 gm/Litre of water
Miticide,Sulphur,Phytovit 80 DF,AP-510,Axil Life Sciences Limited,Jute,Yellow mites,1.75 Kg
Miticide,Sulphur,Vitasul 80 WP,AP-513,Padma Agro Sprayers Co.,Cucurbits,Powdery mildew,2 gm/Litre of water
Miticide,Sulphur,Prosulf 80% DF,AP-529,Haychem (Bangladesh) Limited,Tea,Red mites,2.25 Kg
Miticide,Sulphur,Prosulf 80% DF,AP-529,Haychem (Bangladesh) Limited,Jute,Yellow mites,1.75 Kg
Miticide,Sulphur,Kumulus DF,AP-548,BASF Bangladesh Limited,Tea,Red spider mites & other mites,2.20 Kg
Miticide,Sulphur,Kumulus DF,AP-548,BASF Bangladesh Limited,"Bottle gourd, Potato",Powdery mildew,2.00 kg
Miticide,Sulphur,Kumulus DF,AP-548,BASF Bangladesh Limited,"Cucumber,Teasle gourd",Powdery mildew,2.00 kg
Miticide,Sulphur,Kumulus DF,AP-548,BASF Bangladesh Limited,"Bitter gourd, Bean,",Powdery mildew,2.00 kg
Miticide,Sulphur,Kumulus DF,AP-548,BASF Bangladesh Limited,"Cabbage,",Powdery mildew,2.00 kg
Miticide,Sulphur,Kumulus DF,AP-548,BASF Bangladesh Limited,"Snake gourd,",Powdery mildew,2.00 kg
Miticide,Sulphur,Kumulus DF,AP-548,BASF Bangladesh Limited,"gourd, Watermelon",Powdery mildew,2.00 kg
Miticide,Sulphur,Kumulus DF,AP-548,BASF Bangladesh Limited,Rice,Leaf scald,2.50 Kg
Miticide,Sulphur,Thiovit 80 WG,AP-552,Syngenta Bangladesh Limited,Jute,Yellow & Red mites,3.30 Kg
Miticide,Sulphur,Thiovit 80 WG,AP-552,Syngenta Bangladesh Limited,"Bottle gourd,",Powdery mildew,2.25 Kg
Miticide,Sulphur,Thiovit 80 WG,AP-552,Syngenta Bangladesh Limited,"Cucumber,",Powdery mildew,2.25 Kg
Miticide,Sulphur,Thiovit 80 WG,AP-552,Syngenta Bangladesh Limited,"Bitter gourd,",Powdery mildew,2.25 Kg
Miticide,Sulphur,Thiovit 80 WG,AP-552,Syngenta Bangladesh Limited,"Teasel gourd,",Powdery mildew,2.25 Kg
Miticide,Sulphur,Thiovit 80 WG,AP-552,Syngenta Bangladesh Limited,"gourd, Watermelon",Powdery mildew,2.25 Kg
Miticide,Sulphur,Thiovit 80 WG,AP-552,Syngenta Bangladesh Limited,Tomato,Wilt,2.25 Kg
Miticide,Sulphur,Thiovit 80 WG,AP-552,Syngenta Bangladesh Limited,Tea,Mites,2.25 Kg
Miticide,Sulphur,Thiovit 80 WG,AP-552,Syngenta Bangladesh Limited,Sugarcane,Powdery mildew,3.30 Kg
Miticide,Sulphur,Thiovit 80 WG,AP-552,Syngenta Bangladesh Limited,Rice,Leaf scald,2.50 Kg
Miticide,Sulphur,Corovit 80 WG,AP-562,Corbel Chemical Industries Ltd.,Tea,Red mites,2.25 Kg
Miticide,Sulphur,Agrovet DF,AP-563,Atherton Imbros Company Limited,Tea,Red mites,2.25 Kg
Miticide,Sulphur,Agrovet DF,AP-563,Atherton Imbros Company Limited,Cucurbits,Powdery mildew,2 gm/Litre of water
Miticide,Sulphur,Gayvet 80 DF,AP-659,Square Pharmaceuticals Limited,Tea,Red  mites,2.25 Kg
Miticide,Sulphur,Petsul 80 WP,AP-660,Home Pest Control,Tea,Red  mites,2.25 Kg
Miticide,Sulphur,Sulvit 80 WP,AP-706,Prime Ago Limited,Tea,Red  mites,2.25 Kg
Miticide,Sulphur,Sulfochem 80 WDG,AP-734,Haychem (Bangladesh) Limited,Tea,Red spider mite,2.25 Kg
Miticide,Sulphur,Sulfochem 80 WDG,AP-734,Haychem (Bangladesh) Limited,Cucurbit,Powdery mildew,2 gm/Litre of water
Miticide,Sulphur,Sulfochem 80 WDG,AP-734,Haychem (Bangladesh) Limited,Jute,Yellow mite,2.20 Kg
Miticide,Sulphur,Multiplex 80 WP,AP-735,Bangladesh Agricultural Industries,Tea,Red spider mite,2.25 Kg
Miticide,Sulphur,Comet 80 WP,AP-736,Global Agrovet Limited,Tea,Red spider mite,2.25 Kg
Miticide,Sulphur,Comet 80 WP,AP-736,Global Agrovet Limited,Cucurbits,Powdery mildew,2 gm/Litre of water
Miticide,Sulphur,Mycosul 80% WDG,AP-744,Mamun Agro Products Limited,Cucurbit,Powdery mildew,2 gm/Litre of water
Miticide,Sulphur,Mycosul 80% WDG,AP-744,Mamun Agro Products Limited,Jute,Yellow mite,2.25 Kg
Miticide,Sulphur,Mycosul 80% WDG,AP-744,Mamun Agro Products Limited,Tea,Red spider mite,2.25 Kg
Miticide,Sulphur,Supervit 80 DF,AP-745,Larsen Chemical Industries (Pvt) Ltd.,Tea,Red spider mite,1.25 Kg
Miticide,Sulphur,Supervit 80 DF,AP-745,Larsen Chemical Industries (Pvt) Ltd.,Jute,Yellow mite,1.75 Kg
Miticide,Sulphur,Insaf 80 WP,AP-746,United Phosphorus (Bangladesh) Ltd,Cucurbit,Powdery mildew,2 gm/Litre of water
Miticide,Sulphur,Monovit 80 WP,AP-864,Mimpex Agrochemicals Limited,Cucurbits,Powdery mildew,2 gm/Litre of water
Miticide,Sulphur,Monovit 80 WP,AP-864,Mimpex Agrochemicals Limited,Garden pea,Powdery mildew,2 gm/Litre of water
Miticide,Sulphur,Monovit 80 WP,AP-864,Mimpex Agrochemicals Limited,Tomato,Wilt,2 gm/Litre of water
Miticide,Sulphur,Aimcoflo 80 WDG,AP-869,ACI Formulations Limited,Jute,Yellow mite,2.20 Kg
Miticide,Sulphur,Orovit 80 WG,AP-870,Oroni International Limited,Jute,Yellow mite,2.20 Kg
Miticide,Sulphur,Orovit 80 WG,AP-870,Oroni International Limited,Cucurbits,Powdery mildew,2 gm/Litre of water
Miticide,Sulphur,Agrisulf 80 DF,AP-884,M. Hossain Enterprise,Tea,Red spider mite,125 gm/Litre of water
Miticide,Sulphur,Nanthion 80 DF,AP-887,Hossain Enterprise C.C.Limited,Tea,Red spider mite,125 gm/Litre of water
Miticide,Sulphur,Nanthion 80 DF,AP-887,Hossain Enterprise C.C.Limited,Mango,Powdery mildew,2 gm/Litre of water
Miticide,Sulphur,Edsulf 80 DF,AP-889,Nokon Limited,Tea,Red spider mite,125 gm/Litre of water
Miticide,Sulphur,Edsulf 80 DF,AP-889,Nokon Limited,Garden pea,Powdery mildew,2 gm/Litre of water
Miticide,Sulphur,Edsulf 80 DF,AP-889,Nokon Limited,Jute,Yellow mites,2.25 Kg
Miticide,Sulphur,Naafsal 80 WP,AP-979,Naafco (Private) Limited,Garden pea,Powdery mildew,2 gm/Litre of water
Miticide,Sulphur,Dentol 80 WP,AP-982,Maitri Agro Industries,Ground nut,Tikka,2 gm/Litre of water
Miticide,Sulphur,Microvit 80 WG,AP-987,Global Agrochemicals Limited,Mango,Powdery mildew,2 gm/Litre of water
Miticide,Sulphur,Trisul 80 WP,AP-991,Agrimax Bangladesh Limited,Tea,Red spider mites,2.25 Kg
Miticide,Sulphur,Rexivit 80 WP,AP-996,Reximco Insecticides Limited,Tea,Red spider mites,2.25 Kg
Miticide,Sulphur,Microthiol Special Disperses 80 WG,AP-1028,Shetu Marketing Company,Jute,Powdery mildew,2.25 Kg
Miticide,Sulphur,Greensul 80 WG,AP-1048,ACI Formulations Limited,Garden pea,Powdery mildew,2 gm/Litre of water
Miticide,Sulphur,Sunvet 80 DF,AP-1056,Home Pest Control,Tea,Red spider mite,2.25 Kg
Miticide,Sulphur,Mysulf 80 WG,Ap-1060,Agribusiness International,Tea,Red spider mite,2.25 Kg
Miticide,Sulphur,Arozim 80 WG,AP-1064,Aranya Crop Care Limited,Jute,Yellow spider mite,3.30 Kg
Miticide,Sulphur,Arozim 80 WG,AP-1064,Aranya Crop Care Limited,Garden pea,Powdery mildew,2.20 Kg
Miticide,Sulphur,Thiosul 80 DF,AP-1064,Maitri Agro Industries,Tea,Red spider mite,2.25 Kg
Miticide,Sulphur,Thiosul 80 DF,AP-1064,Maitri Agro Industries,Garden pea,Powdery mildew,2 gm/Litre of water
Miticide,Sulphur,Thiolux 80 WP,AP-1068,Agro Business Support Limited,Tea,Red spider mite,2.25 Kg
Miticide,Sulphur,Thiolux 80 WP,AP-1068,Agro Business Support Limited,Jute,Yellow mite,2.20 Kg
Miticide,Sulphur,Milvit 80 WG,AP-1093,SARK Bangladesh,Jute,Yellow Spider mite,3.30 Kg
Miticide,Sulphur,Milvit 80 WG,AP-1093,SARK Bangladesh,Garden pea,Powdery mildew,2 gm/Litre of water
Miticide,Sulphur,Acmesulf 80 WDG,AP-1116,Biochem International,Garden pea,Powdery mildew,2 gm/Litre of water
Miticide,Sulphur,Rekha Sulphur 80 WP,AP-1217,T H Pesticides,Tea,Red spider mites,2.25 Kg
Miticide,Sulphur,Eco Sulphur 80 WP,AP-1238,Amco Agricultural Industries,Tea,Red spider mites,2.25 Kg
Miticide,Sulphur,Eco Sulphur 80 WP,AP-1238,Amco Agricultural Industries,Cucurbits,Powdery mildew,2 gm/Litre of water
Miticide,Sulphur,Newvit 80 WG,AP-1239,Pace Agro Industries Limited,Tea,Red spider mites,2.25 Kg
Miticide,Sulphur,Energy 80 WG,AP-1240,Eon Agro Industries Limited,Tea,Red spider mites,2.25 Kg
Miticide,Sulphur,Energy 80 WG,AP-1240,Eon Agro Industries Limited,Jute,Yellow mites,1.75 Kg
Miticide,Sulphur,Seaovit 80 WG,AP-1267,Sea Trade Fertilizer Limited,Jute,Yellow mites,1.50 Kg
Miticide,Sulphur,Seaovit 80 WG,AP-1267,Sea Trade Fertilizer Limited,Cucurbit,Powdery mildew,2 gm/Litre of water
Miticide,Sulphur,Seaovit 80 WG,AP-1267,Sea Trade Fertilizer Limited,Tea,Red spider mite,2.25 Kg/1000 lt water
Miticide,Sulphur,Ravvit 80 WG,AP-1268,Raven Agro Chemicals Limited,Tea,Red spider mites,2.25 Kg
Miticide,Sulphur,Ravvit 80 WG,AP-1268,Raven Agro Chemicals Limited,Jute,Yellow mites,1.75 Kg
Miticide,Sulphur,Mapsul 80 DF,AP-1269,MAP Agro Industries Limited,Jute,Yellow mites,1.75 Kg
Miticide,Sulphur,Mapsul 80 DF,AP-1269,MAP Agro Industries Limited,Tea,Red spider mite,2.25 Kg/1000 lt water
Miticide,Sulphur,CP-Vit 80 WDG,AP-1346,Crop Protection & Care Center,Cucurbit,Powdery mildew,2 gm/Litre of water
Miticide,Sulphur,Hivit 80 WDG,AP-1378,S I Agro International,Tomato,Early blight,2 gm/Litre of water
Miticide,Sulphur,Sulfavit 80 WG,AP-1399,Marshal Agrovet Chemical Industries Ltd,Tea,Red spider mites,2.20 Kg
Miticide,Sulphur,Sulfavit 80 WG,AP-1399,Marshal Agrovet Chemical Industries Ltd,Jute,Yellow mite,2.20 Kg
Miticide,Sulphur,Sulfavit 80 WG,AP-1399,Marshal Agrovet Chemical Industries Ltd,Cucurbit,Powdery mildew,2 gm/Litre of water
Miticide,Sulphur,McSulphur Gold 80 WG,AP-1400,McDonald Bangladesh (Pvt) Limited,Tea,Red spider mites,2.20 Kg
Miticide,Sulphur,McSulphur Gold 80 WG,AP-1400,McDonald Bangladesh (Pvt) Limited,Cucurbit,Powdery mildew,2 gm/Litre of water
Miticide,Sulphur,PolySuf 80 WG,AP-1401,McDonald Crop Care Limited,Tea,Red spider mites,2.20 Kg
Miticide,Sulphur,PolySuf 80 WG,AP-1401,McDonald Crop Care Limited,Cucurbit,Powdery mildew,2 gm/Litre of water
Miticide,Sulphur,Power 80 WP,AP-1419,Standard Yes Company,Tea,Red spider mites,2.20 Kg/1000 litre of water
Miticide,Sulphur,Newsulf 80 WDG,AP-1425,Integrated Crop Solution Bangladesh,Tea,Red spider mites,2.25 Kg
Miticide,Sulphur,Newsulf 80 WDG,AP-1425,Integrated Crop Solution Bangladesh,Jute,Yellow mite,2.20 Kg
Miticide,Sulphur,Baisulphur 80 WG,AP-1426,Bangladesh Agricultural Industries,Tea,Red spider mites,2.25 Kg
Miticide,Sulphur,Genevit 80 DF,AP-1437,General Agro Chemicals Limited,Tea,Red spider mites,2.25 Kg/1000 litre of water
Miticide,Sulphur,Rover 80 WG,AP-1510,Crop Protection & Care Center,Tea,Red spider mites,2.25 Kg
Miticide,Sulphur,Seavovit 80 WG,AP-1511,Sealand Agro Industries Limited,Tea,Red spider mites,2.25 Kg
Miticide,Sulphur,Herosulf 80 WG,AP-1624,A M Traders,Jute,Yellow mites,2.25 Kg
Miticide,Sulphur,Herosulf 80 WG,AP-1624,A M Traders,Tea,Red spider mite,2.25 Kg
Miticide,Sulphur,Herosulf 80 WG,AP-1624,A M Traders,Cucurbit,Powdery mildew,2 gm/Litre of water
Miticide,Sulphur,Saniron 80 WDG,AP-1629,Sweet Agrovet Limited,Jute,Yellow mites,2.25 Kg
Miticide,Sulphur,Saniron 80 WDG,AP-1629,Sweet Agrovet Limited,Tea,Red spider mite,2.25 Kg
Miticide,Sulphur,Hisulfur 80 WP,AP-1634,Hazi Abdul Hakim Sawdagor,Jute,Yellow mites,2.25 Kg
Miticide,Sulphur,Sahar 80 WDG,AP-1635,Intefa,Jute,Yellow mites,2.25 Kg
Miticide,Sulphur,Sahar 80 WDG,AP-1635,Intefa,Tea,Red spider mite,
Miticide,Sulphur,Sahar 80 WDG,AP-1635,Intefa,Cucurbit,Powdery mildew,2 gm/Litre of water
Miticide,Sulphur,Sulfox 80 WDG,AP-1636,ACI Formulations Limited,Jute,Yellow mites,1.75 Kg
Miticide,Sulphur,Sulfox 80 WDG,AP-1636,ACI Formulations Limited,Tea,Red spider mite,2.25 Kg
Miticide,Sulphur,Wonderful 80 WG,AP-1672,Aama Green Care,Mango,Powdery mildew,2 gm/Litre of water
Miticide,Sulphur,Wonderful 80 WG,AP-1672,Aama Green Care,Tea,Red spider mites,2.25 Kg
Miticide,Sulphur,Wonderful 80 WG,AP-1672,Aama Green Care,Cucurbits,Powdery mildew,2 gm/Litre of water
Miticide,Sulphur,Shaheen 80 WP,AP-1673,T H Pesticides,Mango,Powdery mildew,2 gm/Litre of water
Miticide,Sulphur,Shaheen 80 WP,AP-1673,T H Pesticides,Tea,Red spider mites,2.25 Kg
Miticide,Sulphur,Green Sulphur 90 WP,AP-1674,Green Harvest Limited,Mango,Powdery mildew,2 gm/Litre of water
Miticide,Sulphur,Green Sulphur 90 WP,AP-1674,Green Harvest Limited,Tea,Red spider mites,2.25 Kg
Miticide,Sulphur,Sulphin 80 WG,AP-1707,Medicon Agrovet Limited,Mango,Powdery mildew,2 gm/Litre of water
Miticide,Sulphur,Evavit 80 WG,AP-1845,E H & Agrovet Limited,Tea,Red spider mites,2.25 Kg
Miticide,Sulphur,Evavit 80 WG,AP-1845,E H & Agrovet Limited,Cucurbit,Powdery mildew,2 gm/Litre of water
Miticide,Sulphur,Evavit 80 WG,AP-1845,E H & Agrovet Limited,Jute,Yellow mite,1.75 Kg
Miticide,Sulphur,Starvit 80 WDG,AP-1862,Omnichem Limited,Tea,Red spider mites,2.25 Kg
Miticide,Sulphur,Sayon 80 WG,AP-1863,Dreamland Agro Products,Tea,Red spider mites,2.25 Kg
Miticide,Sulphur,Arenavit WDG,AP-1864,Agro Arena Associates,Tea,Red spider mites,2.25 Kg
Miticide,Sulphur,Arenavit WDG,AP-1864,Agro Arena Associates,Jute,Yellow mites,3.30 Kg
Miticide,Sulphur,Readyvit 80 WDG,AP-1865,Mosco Marketing Company,Tea,Red spider mites,2.25 Kg
Miticide,Sulphur,Readyvit 80 WDG,AP-1865,Mosco Marketing Company,Cucurbit,Powdery mildew,2 gm/Litre of water
Miticide,Sulphur,Ciphur 80 WDG,AP-1866,Surovi Agro Industries Limited,Tea,Red spider mites,2.25 Kg
Miticide,Sulphur,Synovit 80 WG,AP-1911,Assign Crop Care Limited,Jute,Yellow mites,2.20 Kg
Miticide,Sulphur,Synovit 80 WG,AP-1911,Assign Crop Care Limited,Tea,Red Spider mite,2.25 Kg
Miticide,Sulphur,Sinovit 80 WDG,AP-1912,Safi Agro,Jute,Yellow mites,1.00 Kg
Miticide,Sulphur,Silika 80 WG,AP-1914,Syngenta Bangladesh Limited,Cucurbit,Powdery mildew,2.25 Kg
Miticide,Sulphur,Amanot 80 WDG,AP-1919,ACE Farming Solution,Jute,Yellow mites,2.20 Kg
Miticide,Sulphur,Kazivit 80 WDG,AP-1971,K S Agro Crop Care,Jute,Yellow mites,1.00 Kg
Miticide,Sulphur,S-Sulfur 80 WP,AP-2069,Baly Agro,Jute,Yellow mite,1.68 Kg
Miticide,Sulphur,S-Sulfur 80 WP,AP-2069,Baly Agro,Tea,Red Spider mite,2.25 Kg
Miticide,Sulphur,Vita-Sul 80 WDG,AP-2070,Sadik Agrochemicals Co.,Jute,Yellow mites,600 Kg
Miticide,Sulphur,Greener 80 WDG,AP-2072,Valent Tech Limited,Jute,Yellow mites,2.25 Kg
Miticide,Sulphur,Greener 80 WDG,AP-2072,Valent Tech Limited,Cucurbit,Powdery mildew,2 gm/Litre of water
Miticide,Sulphur,Goldivit 80 DF,AP-2073,Golden Agro Chemicals Ltd,Tea,Red Spider mite,2.25 Kg
Miticide,Sulphur,Silva Gold 80 WDG,AP-2074,Siraj Agro International,Cucurbit,Powdery mildew,2 gm/Litre of water
Miticide,Sulphur,Dewvit 80 WDG,AP-2075,D M International,Tea,Red Spider mite,2.25 Kg
Miticide,Sulphur,Rajvit 80 WDG,AP-2076,Bongshe Moharaj & Agro Technology,Tea,Red Spider mite,2.25 Kg
Miticide,Sulphur,Lal Teer Insuf 80 WDG,AP-2077,Chens Crop-Science Bangladesh Ltd,Tea,Red Spider mite,2.25 Kg
Miticide,Sulphur,Surya 80 WDG,AP-2078,Sony Enterprise,Mango,Powdery mildew,2 gm/Litre of water
Miticide,Sulphur,Greenvit 80 WDG,AP-2079,Blessing Agrovet Industries Limited,Cucurbit,Powdery mildew,2 gm/Litre of water
Miticide,Sulphur,Getvit 80 WDG,AP-2080,Getco Agro Vision Limited,Cucurbit,Powdery mildew,2 gm/Litre of water
Miticide,Sulphur,Sulfin 80 WDG,AP-2081,Petrochem Agro Industries Ltd,Cucurbit,Powdery mildew,2 gm/Litre of water
Miticide,Sulphur,Fivavit 80 WG,AP-2082,China Agro,Cucurbit,Powdery mildew,2 gm/Litre of water
Miticide,Sulphur,Ricovet 80WG,AP-2230,Rico Agrovet,Tea,Red Spider Mite,2.25 Kg
Miticide,Sulphur,Lavet 80 WP,AP-2231,Lark International,Jute,Yellow Mite,2.25 Kg
Miticide,Sulphur,Sulforaj 80 WG,AP-2232,Sun Seed Pesticides,Tea,Red Spider Mite,2.25 Kg
Miticide,Sulphur,Phytovit 80 WDG,AP-2233,Axil Life Sciences Limited,Tea,Red Spider Mite,2.25 Kg
Miticide,Sulphur,Bycovit 80 WDG,AP-2234,Byco Agro Chemicals,Tea,Red Spider Mite,2.25 Kg
Miticide,Sulphur,Domisul 80 WDG,AP-2235,Helianthus Corporation Limited,Tea,Red Spider Mite,2.25 Kg
Miticide,Sulphur,Domisul 80 WDG,AP-2235,Helianthus Corporation Limited,Cucurbit,Powdery mildew,2 mg/Litre of water
Miticide,Sulphur,Powervit 80 WDG,AP-2236,Perfect Agro Care,Tea,Red Spider Mite,2.25 Kg
Miticide,Sulphur,My Vit 80 WDG,AP-2237,Green Crop Care Limited,Tea,Red Spider Mite,2.25 Kg
Miticide,Sulphur,My Vit 80 WDG,AP-2237,Green Crop Care Limited,Mango,Powdery mildew,2 gm/Litre of water
Miticide,Sulphur,Egsul 80 WP,AP-2238,Energy Agrochemicals,Tea,Red Spider Mite,2.25 Kg
Miticide,Sulphur,Rexivit 80 WDG,AP-2315,Reximco Insecticides Limited,Tea,Red Spider Mite,2.25 Kg
Miticide,Sulphur,MS Sulphur 80 WP,AP-2427,M S Agro Chemicals Company Ltd,Cucurbit,Powdery mildew,2.25 K
Miticide,Sulphur,Emisulf 80 WG,AP-2428,Eminence Chemical Industries Ltd,Tea,Red spider mite,2.25 Kg
Miticide,Sulphur,Emisulf 80 WG,AP-2428,Eminence Chemical Industries Ltd,Jute,Yellow mite,2.20 K
Miticide,Sulphur,Hadiavit 80 WDG,AP-2429,Genetica,Tea,Red spider mite,2.25 Kg
Miticide,Sulphur,Hadiavit 80 WDG,AP-2429,Genetica,Jute,Yellow mite,2.20 K
Miticide,Sulphur,Hadiavit 80 WDG,AP-2429,Genetica,Cucurbit,Powdery mildew,2 gm/Litre of water
Miticide,Sulphur,T. Far 80 WDG,AP-2430,Tajarat Agro Industries Limited,Mango,Powdery mildew,2.25 gm/Litre of water
Miticide,Sulphur,Quevit  80 WDG,AP-2432,Unique Agro Technology Ltd,Cucurbit,Powdery mildew,2 gm/Litre of water
Miticide,Sulphur,Ashavit 80 WDG,AP-2433,Asia Trade International,Cucurbit,Powdery mildew,2 gm/Litre of water
Miticide,Sulphur,R-Vit 80 WDG,AP-2434,Bengal Agro Chemicals Industries,Cucurbit,Powdery mildew,2 gm/Litre of water
Miticide,Sulphur,Goldvit 80 WDG,AP-2435,Mary Gold Agro Science,Cucurbit,Powdery mildew,2 gm/Litre of water
Miticide,Sulphur,Sulfomart 80 WDG,AP-2436,Smart Agrovet,Cucurbit,Powdery mildew,2 gm/Litre of water
Miticide,Sulphur,Sulfomart 80 WDG,AP-2436,Smart Agrovet,Jute,Yellow mite,2.20 Kg
Miticide,Sulphur,Siamvit 80 WDG,AP-2437,Siam Crop Care,Cucurbit,Powdery mildew,2 gm/Litre of water
Miticide,Sulphur,Siamvit 80 WDG,AP-2437,Siam Crop Care,Tea,Red Spider Mite,2.25 Kg
Miticide,Sulphur,Mytivit 80 WDG,AP-2438,Green Care Bangladesh,Cucurbit,Powdery mildew,2 gm/Litre of water
Miticide,Sulphur,Mc Vit 80 DF,AP-2439,McDonald Bangladesh (Pvt) Limited,Cucurbit,Powdery mildew,2 gm/Litre of water
Miticide,Sulphur,Muktavit 55 SC,AP-2440,New Life Agro Chemicals,Cucurbit,Powdery mildew,1 ml/Litre of water
Miticide,Sulphur,Dekosulf 80 DF,AP-2441,Agrinet Crop Care Bangladesh,Cucurbit,Powdery mildew,2 gm/Litre of water
Miticide,Sulphur,Thiospecial 80 DF,AP-2442,Northern Crop Care Limited,Jute,Yellow mite,2.20 Kg
Miticide,Sulphur,Piron 80 WDG,AP-2443,Nokon Limited,Jute,Yellow mite,2.20 Kg
Miticide,Sulphur,Hayvit 80 WDG,AP-2444,Haychem (Bangladesh) Limited,Jute,Yellow mite,2.20 Kg
Miticide,Sulphur,Rajsulf 80 WDG,AP-2445,Rajib Agro Chemicals Limited,Jute,Yellow mite,2.20 Kg
Miticide,Sulphur,Mituvit 80 WDG,AP-2771,Sabir Fertilizer & Chemical Complex Ltd,Jute,Yellow mite,2.25 Kg
Miticide,Sulphur,Netsul 80 WDG,AP-2818,Agronet Crop Science Limited,Jute,Yellow mite,2.25 Kg
Miticide,Sulphur,Gilsulphur 80 WDG,AP-3068,Gourab Industries Limited,Tea,Red Spider Mite,2.25 Kg
Miticide,Sulphur,Sosul 80 WDG,AP-3069,ST Trading Corporation,Tea,Red Spider Mite,2.25 Kg
Miticide,Sulphur,Gurvit 80 WDG,AP-3070,Gurpukur Corporation,Jute,Yellow Mite,2.25 Kg
Miticide,Sulphur,Delcosul 80 WDG,AP-3071,Delco Agro Industries,Jute,Yellow Mite,2.25 Kg
Miticide,Sulphur,T-Sulphur 80 WDG,AP-3072,Tajarat Agro Industries Limited,Tomato,Wilt,2 gm/Litre of water
Miticide,Sulphur,Cumix 80 WDG,AP-3073,Agro Link (BD),Jute,Yellow Mite,2.25 Kg
Miticide,Sulphur,Cumix 80 WDG,AP-3073,Agro Link (BD),Cucumber,Powdery mildew,2 gm/Litre of water
Miticide,Sulphur,Cumix 80 WDG,AP-3073,Agro Link (BD),Tea,Red spider mite,2.25 Kg
Miticide,Sulphur,Gemulus 80 WDG,AP-3074,GME Agro Limited,Jute,Yellow Mite,2.25 Kg
Miticide,Sulphur,Gemulus 80 WDG,AP-3074,GME Agro Limited,Tea,Red spider mite,2.25 Kg
Miticide,Sulphur,Dhaksul 80 WDG,AP-3075,Dhaka Crop Care,Jute,Yellow Mite,2.25 Kg
Miticide,Sulphur,Zidan 80 DF,AP-3076,Rahman Pesticide & Chemicals Co.,Tomato,Wilt,2 mg/Litre of water
Miticide,Sulphur,Wellvit 80 WP,AP-3077,All Well Agrotech,Tea,Red Spider Mite,2.25 Kg
Miticide,Sulphur,Threevit 80 WG,AP-3078,Sun Corporation,Tea,Red Spider Mite,2.25 Kg
Miticide,Sulphur,Alphavet 80 WDG,AP-3209,Alpha Agro Limited,Cucumber,Powdery mildew,2 mg/Litre of water
Miticide,Sulphur,Medivit 80 WDG,AP-3210,Medicon Agrovet Limited,Cucumber,Powdery mildew,2 mg/Litre of water
Miticide,Sulphur,Agrovet 80 WDG,AP-3211,Atherton Imbros Company Limited,Cucumber,Powdery mildew,2 mg/Litre of water
Miticide,Sulphur,Ecovet 80 WDG,AP-3212,Amco Agricultural Industries,Cucumber,Powdery mildew,2 mg/Litre of water
Miticide,Sulphur,Bicolus 80 WDG,AP-3213,Bismillah Corporation Limited,Cucumber,Powdery mildew,2 mg/Litre of water
Miticide,Sulphur,Icovit 80 WDG,AP-3214,ICI Agricare,Cucumber,Powdery mildew,2 mg/Litre of water
Miticide,Sulphur,Fasalvit 80 WG,AP-3219,Fasal Agro Industries Limited,Cucumber,Powdery mildew,2 mg/Litre of water
Miticide,Sulphur,Fasalvit 80 WG,AP-3219,,Tea,Red spider mite,2.25 Kg
Miticide,Sulphur,Prithavit 80 WDG,AP-3221,Green Link International,Cucumber,Powdery mildew,2 mg/Litre of water
Miticide,Sulphur,Monivit 80 WG,AP-3222,Agro Monitor,Cucumber,Powdery mildew,2 mg/Litre of water
Miticide,Sulphur,N-vit 80 WG,AP-3223,Nahar Agro International,Sweet gourd,Powdery mildew,2 mg/Litre of water
Miticide,Sulphur,Eversulf 80 DF,AP-3224,Evergreen Crop Care Limited,Sweet gourd,Powdery mildew,2 mg/Litre of water
Miticide,Sulphur,Adsulf 80 DF,AP-3225,Advanced Agricultural Solusion Ltd,Sweet gourd,Powdery mildew,2 mg/Litre of water
Miticide,Sulphur,Greatvit 80 WG,AP-3226,Great Agro Care,Cucumber,Powdery mildew,2 mg/Litre of water
Miticide,Sulphur,Sahvit 80 WG,AP-3237,Shahjalal Agro Industries,Cucumber,Powdery mildew,2 mg/Litre of water
FUNGICIDE,Azoxystrobin,Sitro 25 SC,AP-3153,S I Agro International,Tea,"Die back, Block rot",500 ml
FUNGICIDE,Azoxystrobin (20% ) + Cyproconazole (8%),Karishma 28 SC,AP-2431,Eon Trading House,Mango,Anthracnose,1200 ml
FUNGICIDE,Azoxystrobin (20% ) + Difenoconazole (12.5%),Amistar Top,AP-2312,Syngenta Bangladesh Limited,Rice,"Sheath blight, Blast",1 ml/Litre of water
FUNGICIDE,Azoxystrobin (20% ) + Difenoconazole (12.5%),Amistar Top,AP-2312,Syngenta Bangladesh Limited,Potato,"Late blight, Stem Canker",1 ml/Litre of water
FUNGICIDE,Azoxystrobin (20% ) + Difenoconazole (12.5%),Amistar Top,AP-2312,Syngenta Bangladesh Limited,Tea,Branch canker,750 ml
FUNGICIDE,Azoxystrobin (20% ) + Difenoconazole (12.5%),Power Blast 325 SC,AP-2777,Agronet Crop Science Limited,Rice,Sheath blight,1 ml/Litre of water
FUNGICIDE,Azoxystrobin (20% ) + Difenoconazole (12.5%),Rai 325 SC,AP-3111,Crop Protection & Care Center,Tomato,Early blight,2 gm/Litre of water
FUNGICIDE,Azoxystrobin (20% ) + Difenoconazole (12.5%),Amicore 32.5 EC,AP-3252,Asia Trade International,Sweet gourd,Powdery mildew,0.5 ml/Litre of water
FUNGICIDE,Benalaxyl (8%) + Mancozeb (64%),Galben M,AP-374,ACI Formulations Limited,"Potato, Tomato",Late blight,0.2% formulated
FUNGICIDE,Benalaxyl (8%) + Mancozeb (64%),Galben M,AP-374,ACI Formulations Limited,Cucumber,Downy mildew,0.2% formulated
FUNGICIDE,Carbendazim,Bavistin DF,AP-176,BASF Bangladesh Limited,Sugarcane,"Sett rot, Red rot, Pine apple, Wilt",500 gm
FUNGICIDE,Carbendazim,Bavistin DF,AP-176,BASF Bangladesh Limited,Rice,Sheath blight,500 gm
FUNGICIDE,Carbendazim,Bavistin DF,AP-176,BASF Bangladesh Limited,Wheat,Loose smut,1 gm/Litre of water
FUNGICIDE,Carbendazim,Bavistin DF,AP-176,BASF Bangladesh Limited,"Cabbage, Cauliflowe",Seedling rot,1 gm/Litre of water
FUNGICIDE,Carbendazim,Bavistin DF,AP-176,BASF Bangladesh Limited,Tomato,Seedling rot,1 gm/Litre of water
FUNGICIDE,Carbendazim,Knowin 50 WP,AP-241,McDonald Bangladesh (Pvt) Limited,Rice,Sheath blight,1.00 Kg
FUNGICIDE,Carbendazim,Knowin 50 WP,AP-241,McDonald Bangladesh (Pvt) Limited,Guava,Anthracnose,2 gm/Litre of water
FUNGICIDE,Carbendazim,Knowin 50 WP,AP-241,McDonald Bangladesh (Pvt) Limited,Tea,"Red rust, Black rot, Die back & Gall",750 gm
FUNGICIDE,Carbendazim,Knowin 50 WP,AP-241,McDonald Bangladesh (Pvt) Limited,Banana,Sigatoka,0.2%(2gm/Litre of wa.)
FUNGICIDE,Carbendazim,Knowin 50 WP,AP-241,McDonald Bangladesh (Pvt) Limited,Sugarcane,"Pine apple, Wilt & red rot",1 gm/Litre of water
FUNGICIDE,Carbendazim,Knowin 50 WP,AP-241,McDonald Bangladesh (Pvt) Limited,Mango,Anthracnose,1 gm/Litre of water
FUNGICIDE,Carbendazim,Shincar 50 WP,AP-355,Omnichem Limited,Tobacco,Frog eye & Leaf spot,2 gm/Litre of water
FUNGICIDE,Carbendazim,Aimcozim 50 WP,AP-375,ACI Formulations Limited,Rice,Sheath blight,500 gm
FUNGICIDE,Carbendazim,Aimcozim 50 WP,AP-375,ACI Formulations Limited,Tea,Red rust,750 gm
FUNGICIDE,Carbendazim,Aimcozim 50 WP,AP-375,ACI Formulations Limited,Sugarcane,"Set rot, Pinapple",500 gm
FUNGICIDE,Carbendazim,Aimcozim 50 WP,AP-375,ACI Formulations Limited,Sugarcane,Red rot & Wilt,500 gm
FUNGICIDE,Carbendazim,Aimcozim 50 WP,AP-375,ACI Formulations Limited,Tomato,Seedling rot,2 gm/Litre of water
FUNGICIDE,Carbendazim,Agben 50F,AP-439,A-Intraco (Bangladesh) Limited,Sugarcane,Sett treatment,1 gm/Litre of water
FUNGICIDE,Carbendazim,Agben 50F,AP-439,A-Intraco (Bangladesh) Limited,Rice,Sheath blight,1.00 Litre
FUNGICIDE,Carbendazim,Forastin 50 WP,AP-511,Shetu Pesticides Limited,Rice,Sheath blight,1.00 Kg
FUNGICIDE,Carbendazim,Forastin 50 WP,AP-511,Shetu Pesticides Limited,Sugarcane,Sett rot,1 gm/Litre of water
FUNGICIDE,Carbendazim,Genuine 50 WP,AP-531,SAM Agro Chemical,Sugarcane,Sett rot disease,1 gm/Litre of water
FUNGICIDE,Carbendazim,Genuine 50 WP,AP-531,SAM Agro Chemical,Tomato,Wilt,2 gm/Litre
FUNGICIDE,Carbendazim,Genuine 50 WP,AP-531,SAM Agro Chemical,Rice,Sheath blight,1.00 Kg
FUNGICIDE,Carbendazim,Genuine 50 WP,AP-531,SAM Agro Chemical,Garden pea,Powdery mildew,2 gm/Litre of water
FUNGICIDE,Carbendazim,Genuine 50 WP,AP-531,SAM Agro Chemical,Mango,Hopper,1 gm/Litre of water
FUNGICIDE,Carbendazim,Genuine 50 WP,AP-531,SAM Agro Chemical,Chili,Anthracnose,2 gm/Litre of water
FUNGICIDE,Carbendazim,Cindazim 50 WP,AP-627,Shetu Corporation Limited,Tomato,Wilt,2 gm/Litre of water
FUNGICIDE,Carbendazim,Cindazim 50 WP,AP-627,Shetu Corporation Limited,Rice,Sheath blight,1.00 Kg
FUNGICIDE,Carbendazim,Cindazim 50 WP,AP-627,Shetu Corporation Limited,Sugarcane,"Sett rot, Red rot, Wilt",500 gm
FUNGICIDE,Carbendazim,Nayan 50 WP,AP-720,Anika Enterprise,"Tomato, Cabbage, Cauli",Seedling rot,1 gm/Kg seed
FUNGICIDE,Carbendazim,Nayan 50 WP,AP-720,Anika Enterprise,Sugarcane,Set rot,1 gm/Litre of water
FUNGICIDE,Carbendazim,Nayan 50 WP,AP-720,Anika Enterprise,Banana,Sigatoka,1 gm/Litre of water
FUNGICIDE,Carbendazim,Zimper 50 WP,AP-725,Prime Agro Limited,Banana,Sigatoka,2 gm/Litre of water
FUNGICIDE,Carbendazim,Zimper 50 WP,AP-725,Prime Agro Limited,Tomato,Wilt,2 gm/Litre of water
FUNGICIDE,Carbendazim,Agridazim 50 WP,AP-725,Agribusiness International,Rice,Sheath blight,1.00 Kg
FUNGICIDE,Carbendazim,Agridazim 50 WP,AP-725,Agribusiness International,Sugarcane,Set rot,1 gm/Litre of water
FUNGICIDE,Carbendazim,Agridazim 50 WP,AP-725,Agribusiness International,Tea,Red rust disease,750 gm/Litre of water
FUNGICIDE,Carbendazim,Evazim 50 WP,AP-729,E H & Agrovet Limited,Rice,Sheath blight,1.00 Kg
FUNGICIDE,Carbendazim,Evazim 50 WP,AP-729,E H & Agrovet Limited,Sugarcane,Set rot,1 gm/Litre of water
FUNGICIDE,Carbendazim,Vulcan 50 WP,AP-730,Atherton Imbros Company Limited,Rice,Sheath blight,1.00 Kg
FUNGICIDE,Carbendazim,Corozim 50 WP,AP-751,Corbel International Limited,Sugarcane,Set rot,1 gm/litre of water
FUNGICIDE,Carbendazim,Edvistin 50 WP,AP-752,Bony Enterprise,Sugarcane,Set rot,1 gm/litre of water
FUNGICIDE,Carbendazim,Haydazim 50 WP,AP-753,Haychem (Bangladesh) Limited,Sugarcane,Set rot,1 gm/litre of water
FUNGICIDE,Carbendazim,Haydazim 50 WP,AP-753,Haychem (Bangladesh) Limited,Cucurbit,Powdery mildew,1 gm/litre of water
FUNGICIDE,Carbendazim,Haydazim 50 WP,AP-753,Haychem (Bangladesh) Limited,Tea,Red rust,750 gm
FUNGICIDE,Carbendazim,Seadazim 50 WP,AP-754,Sea Trade Fertilizer Limited,Sugarcane,Set rot,1 gm/litre of water
FUNGICIDE,Carbendazim,Seadazim 50 WP,AP-754,Sea Trade Fertilizer Limited,Banana,Sigatoka,1 gm/litre of water
FUNGICIDE,Carbendazim,Seadazim 50 WP,AP-754,Sea Trade Fertilizer Limited,Tea,Red rust disease,750 gm
FUNGICIDE,Carbendazim,Massive 50 WP,AP-755,Mosco Marketing Company,Tomato,Wilt,2 gm /litre of water
FUNGICIDE,Carbendazim,Goldazim 500 SC,AP-756,Square Pharmaceuticals Limited,Cucurbit,Powdery mildew,1 ml/litre of water
FUNGICIDE,Carbendazim,Carbozim 50 WP,AP-757,Reximco Insecticides Limited,Cucurbit,Powdery mildew,1 gm/litre of water
FUNGICIDE,Carbendazim,Bendazim 50 WP,AP-758,National AgriCare Import & Export Ltd,Cucurbit,Powdery mildew,1 gm/litre of water
FUNGICIDE,Carbendazim,Bendazim 50 WP,AP-758,National AgriCare Import & Export Ltd,Onion,Purple blotch,2 gm/litre of water
FUNGICIDE,Carbendazim,Ecozim 50 WP,AP-856,East West Chemicals Limited,Banana,Sigatoka,2 gm /litre of water
FUNGICIDE,Carbendazim,Pearl 50 DF,AP-980,MAP Agro Industries Limited,Garden pea,Powdery mildew,2 gm /litre of water
FUNGICIDE,Carbendazim,Pearl 50 DF,AP-980,MAP Agro Industries Limited,Wheat,Late blight,2 gm /litre of water
FUNGICIDE,Carbendazim,Gilzim 50 WP,AP-981,Petrochem (Bangladesh) Limited,Tomato,Wilt,1 gm /litre of water
FUNGICIDE,Carbendazim,Gilzim 50 WP,AP-981,Petrochem (Bangladesh) Limited,Sugarcane,Set rot,1 gm /litre of water
FUNGICIDE,Carbendazim,Zimguard 50 WP,AP-992,Padma Agro Sprayers Co.,Tea,Red rust,750 gm
FUNGICIDE,Carbendazim,Dhangora 50 WP,AP-993,Home Pest Control,Tea,Red rust,750 gm
FUNGICIDE,Carbendazim,Sinodazim 50 WP,AP-1022,Global Agrovet Limited,Rice,Sheath blight,1.00 Kg
FUNGICIDE,Carbendazim,Baizim 50 WP,AP-1043,Bangladesh Agricultural Industries,Tea,Red rust disease,750 gm
FUNGICIDE,Carbendazim,Baizim 50 WP,AP-1044,Bangladesh Agricultural Industries,Onion,Purple blotch,2 gm/litre of water
FUNGICIDE,Carbendazim,Greenzim 50 WP,AP-1070,Green View Bangladesh,Tea,Red rust disease,750 gm
FUNGICIDE,Carbendazim,Jaingnoning 50 WP,AP-1074,Sun Seed Pesticides,Sugarcane,Set rot,1 gm/liter of water
FUNGICIDE,Carbendazim,Arba 50 WP,AP-1078,Intefa,Garden pea,Powdery mildew,2 gm/litre of water
FUNGICIDE,Carbendazim,Arba 50 WP,AP-1078,Intefa,Mango,Anthracnose,1 gm/liter of water
FUNGICIDE,Carbendazim,Arba 50 WP,AP-1078,Intefa,Onion,Purple blotch,2 gm/liter of water
FUNGICIDE,Carbendazim,Sistin 50 WP,AP-1088,King Tech Corporation Bangladesh,Garden pea,Powdery mildew,1 gm/liter of water
FUNGICIDE,Carbendazim,Sistin 50 WP,AP-1088,King Tech Corporation Bangladesh,Tea,Red rust disease,750 gm
FUNGICIDE,Carbendazim,Sistin 50 WP,AP-1088,King Tech Corporation Bangladesh,Chili,Anthracnose,1 gm/liter of water
FUNGICIDE,Carbendazim,Bico Homai 50 WP,AP-1115,Bismillah Corporation Limited,Garden pea,Powdery mildew,2 gm/litre of water
FUNGICIDE,Carbendazim,CP-Zim 50 WP,AP-1225,Crop Protection & Care Centre,Tea,Black root disease,750 gm/litre of water
FUNGICIDE,Carbendazim,Allwin 50 WDF,AP-1244,All Well Agrotech,Sugarcane,Set rot,1 gm/liter of water
FUNGICIDE,Carbendazim,Trizim 50 WP,AP-1309,Amco Agricultural Industries,Tea,Red rust disease,750 gm
FUNGICIDE,Carbendazim,Trizim 50 WP,AP-1309,Amco Agricultural Industries,Chili,Anthracnose,2 gm/litre of water
FUNGICIDE,Carbendazim,Sinozim 50 WP,AP-1347,Aranya Crop Care Limited,Cucurbit,Powdery mildew,1 gm/liter of water
FUNGICIDE,Carbendazim,Sinozim 50 WP,AP-1347,Aranya Crop Care Limited,Chili,Anthracnose,1 gm/liter of water
FUNGICIDE,Carbendazim,Mine 50 WP,AP-1377,S I Agro International,Tomato,Early blight,2 gm/litre of water
FUNGICIDE,Carbendazim,Mine 50 WP,AP-1377,S I Agro International,Wheat,Late rust,2 gm/litre of water
FUNGICIDE,Carbendazim,Cuptun 50 WP,AP-1383,Alpha Agro Limited,Wheat,Late rust,1 gm/litre of water
FUNGICIDE,Carbendazim,Nova 50 WP,AP-1384,Eon Agro Industries Limited,Wheat,Leaf blight,1 gm/litre of water
FUNGICIDE,Carbendazim,Nova 50 WP,AP-1384,Eon Agro Industries Limited,Tea,"Red rust, Black rot, Die back",750 gm in 1000 lt of water
FUNGICIDE,Carbendazim,Amazim 50 WP,AP-1394,Aama Green Care,Tea,"Red rust, Black rot, Die back",750 gm in 1000 lt of water
FUNGICIDE,Carbendazim,Amazim 50 WP,AP-1394,Aama Green Care,Mango,Anthracnose,2 gm/Litre of water
FUNGICIDE,Carbendazim,Chemozim 50 WP,AP-1395,Byco Agro Chemicals,Tea,"Red rust, Black rot, Die back",750 gm in 1000 lt of water
FUNGICIDE,Carbendazim,Emidazim 50 WP,AP-1429,Integrated Crop Solution Bangladesh,Tea,"Red rust, Black rot, Die back",750 gm in 1000 lt of water
FUNGICIDE,Carbendazim,Towin 50 WP,AP-1677,Marshal Agrovet Chemical Industries Ltd,Chili,Anthracnose,1 gm/litre of water
FUNGICIDE,Carbendazim,Towin 50 WP,AP-1677,Marshal Agrovet Chemical Industries Ltd,Tea,"Red rust, Black rot, Die back",750 gm in 1000 lt of water
FUNGICIDE,Carbendazim,Regard 50 WP,AP-1678,Agro Continent Bangladesh,Banana,Sigatoka,1 gm/litre of water
FUNGICIDE,Carbendazim,Orgazim 50 WP,AP-1680,Green Care Bangladesh,Sugarcane,Sett rot,1 gm/litre of water
FUNGICIDE,Carbendazim,Starzim 50 WP,AP-1681,Pace Agro International,Sugarcane,Sett rot,1 gm/litre of water
FUNGICIDE,Carbendazim,Dimbazim 50 WP,AP-1721,Dreamland Agro Products,Rice,Sheath blight,1.00 Kg
FUNGICIDE,Carbendazim,Dimbazim 50 WP,AP-1721,Dreamland Agro Products,Tea,"Red rust, Black rot, Die back",750 gm in 1000 lt of water
FUNGICIDE,Carbendazim,Knobin 50 WP,AP-1772,ICI Agricare,Rice,Sheath blight,1.00 Kg
FUNGICIDE,Carbendazim,Longzim 50 WP,AP-1843,ACI Formulations Limited,Tea,"Red rust, Black rot, Die back",750 gm in 1000 lt of water
FUNGICIDE,Carbendazim,Filzim 50 WP,AP-1844,A M Traders,Tea,"Red rust, Black rot, Die back",750 gm in 1000 lt of water
FUNGICIDE,Carbendazim,Turbo 50 WP,AP-1846,Haychem (Bangladesh) Limited,Tea,"Red rust, Black rot, Die back",750 gm in 1000 lt of water
FUNGICIDE,Carbendazim,Superzim 50 WP,AP-1847,Mery Gold Agro Science,Tea,"Red rust, Black rot, Die back",750 gm in 1000 lt of water
FUNGICIDE,Carbendazim,Lazim 50 WP,AP-1848,Sweet Agrovet Limited,Tea,"Red rust, Black rot, Die back",750 gm in 1000 lt of water
FUNGICIDE,Carbendazim,Lazim 50 WP,AP-1848,Sweet Agrovet Limited,Rice,Sheath blight,1.00 Kg
FUNGICIDE,Carbendazim,Kandari 50 WP,AP-1849,Smart Agrovet,Tea,"Red rust, Black rot, Die back",750 gm in 1000 lt of water
FUNGICIDE,Carbendazim,Benda 50 WP,AP-1850,Salica Trade International,Tea,"Red rust, Black rot, Die back",750 gm in 1000 lt of water
FUNGICIDE,Carbendazim,R-zim 50 WP,AP-1851,Bengal Agro Chemicals Industries,Tea,"Red rust, Black rot, Die back",750 gm in 1000 lt of water
FUNGICIDE,Carbendazim,R-zim 50 WP,AP-1851,Bengal Agro Chemicals Industries,Tomato,Wilt & Early blight,2 gm/Litre of water
FUNGICIDE,Carbendazim,Hitastin 50 WP,AP-1852,Hazi Abdul Hakim Sawdagor,Tea,"Red rust, Black rot, Die back",750 gm in 1000 lt of water
FUNGICIDE,Carbendazim,Greendazim 50 WP,AP-1853,Green Harvest Limited,Tea,"Red rust, Black rot, Die back",750 gm in 1000 lt of water
FUNGICIDE,Carbendazim,Cardazim 50 WP,AP-1854,Assign Crop Care Limited,Tea,"Red rust, Black rot, Die back",750 gm in 1000 lt of water
FUNGICIDE,Carbendazim,UniZoom 50 WP,AP-1930,United Phosphorus (Bangladesh) Ltd,Maize,Brown spot,1 gm/Litre of water
FUNGICIDE,Carbendazim,Biozim 50 WP,AP-2118,Crop Life Agro Chemicals Ltd,Tea,"Red rust, Black rot, Die back",750 gm in 1000 lt of water
FUNGICIDE,Carbendazim,Biozim 50 WP,AP-2118,Crop Life Agro Chemicals Ltd,Cucurbit,Powdery mildew,2 gm/Litre of water
FUNGICIDE,Carbendazim,Siamzim 50 WP,AP-2119,Siam Crop Care,Tea,"Red rust, Black rot, Die back",750 gm in 1000 lt of water
FUNGICIDE,Carbendazim,Rekazim 50 WP,AP-2120,T H Pesticides,Tea,"Red rust, Black rot, Die back",750 gm in 1000 lt of water
FUNGICIDE,Carbendazim,Xenon 50 WP,AP-2121,Joary Agro,Tea,"Red rust, Black rot, Die back",750 gm in 1000 lt of water
FUNGICIDE,Carbendazim,Seaszim 50 WP,AP-2122,Sealand Agro Industries Limited,Chili,Anthracnose,1 gm/Litre of water
FUNGICIDE,Carbendazim,Tolper 50 WP,AP-2123,Meghna Fertilizer & Agro Chemicals Indus,Tomato,Seedling rot,1 gm/Litre of water
FUNGICIDE,Carbendazim,Agriben 50 WP,AP-2124,Jareer Enterprise,Tomato,Seedling rot,1 gm/Litre of water
FUNGICIDE,Carbendazim,Qubee 50 WP,AP-2125,Asia Trade International,Tomato,Wilt,2 gm/Litre of water
FUNGICIDE,Carbendazim,Qubee 50 WP,AP-2125,Asia Trade International,Cucurbit,Powdery mildew,1 gm/Litre of water
FUNGICIDE,Carbendazim,Ravistin 50 WP,AP-2126,Raven Aqua Agriculture Ltd,Tomato,Wilt,2 gm/Litre of water
FUNGICIDE,Carbendazim,Ravistin 50 WP,AP-2126,Raven Aqua Agriculture Ltd,Banana,Sigatoka,2 gm/Litre of water
FUNGICIDE,Carbendazim,Erguven 50 WP,AP-2127,Active Crop Care Limited,Tomato,Early blight,1 gm/Litre of water
FUNGICIDE,Carbendazim,Sicozim 50 WP,AP-2128,Siraj Agro International,Cucurbit,Powdery mildew,1 gm/Litre of water
FUNGICIDE,Carbendazim,Growzim 50 WP,AP-2129,Grow More Agro Science,Cucurbit,Powdery mildew,1 gm/Litre of water
FUNGICIDE,Carbendazim,Sarazim 50 WP,AP-2130,Sara Chemicals Limited,Mango,Anthracnose,2 gm/Litre of water
FUNGICIDE,Carbendazim,Sarazim 50 WP,AP-2130,Sara Chemicals Limited,Tomato,Wilt,2 gm/Litre of water
FUNGICIDE,Carbendazim,Mahizim 50 WP,AP-2241,Mahir Agro Care,Rice,Sheath blight,1.00 Kg
FUNGICIDE,Carbendazim,Carb 50 WP,AP-2242,Agrinet Crop Care Bangladesh,Banana,Sigatoka,2 gm/Litre of water
FUNGICIDE,Carbendazim,Ravzim 50 WP,AP-2243,Raven Aqua Agriculture Ltd,Banana,Sigatoka,2 gm/Litre of water
FUNGICIDE,Carbendazim,Newzim 50 WP,AP-2244,Blessing Agrovet Industries Ltd,Banana,Sigatoka,2 gm/Litre of water
FUNGICIDE,Carbendazim,Agrizim 50 WP,AP-2448,Eminence Chemical Industries Ltd,Tea,"Red rust, Black rot, Die back",750 gm in 1000 lt of water
FUNGICIDE,Carbendazim,Rajzim 50 WP,AP-2449,Bongshe Moharaj & Agro Technology,Tea,"Red rust, Black rot, Die back",750 gm in 1000 lt of water
FUNGICIDE,Carbendazim,Scotszim 50 WP,AP-2449,Scots Agro Chemicals,Tea,"Red rust, Black rot, Die back",750 gm in 1000 lt of water
FUNGICIDE,Carbendazim,Mabendazim 50 WP,AP-2450,Mabco Bangladesh,Tea,"Red rust, Black rot, Die back",750 gm in 1000 lt of water
FUNGICIDE,Carbendazim,Mabendazim 50 WP,AP-2450,Mabco Bangladesh,Tomato,Early blight,2 gm/Litre of water
FUNGICIDE,Carbendazim,Mabendazim 50 WP,AP-2450,Mabco Bangladesh,Banana,Sigatoka,2 gm/Litre of water
FUNGICIDE,Carbendazim,Roin 50 WP,AP-2452,D M International,Tea,"Red rust, Black rot, Die back",750 gm in 1000 lt of water
FUNGICIDE,Carbendazim,Stazim 50 WP,AP-2453,Astron Agri Care Bangladesh,Tea,"Red rust, Black rot, Die back",750 gm in 1000 lt of water
FUNGICIDE,Carbendazim,Bencarb 50 WP,AP-2454,Agrivision Bangladesh,Chili,Anthracnose,1 gm/Litre of water
FUNGICIDE,Carbendazim,Agrani 50 WP,AP-2455,M S Agro Chemicals Company Ltd,Chili,Anthracnose,2 gm/Litre of water
FUNGICIDE,Carbendazim,Megadazim 50 WP,AP-2456,Marstrade International Culture,Chili,Anthracnose,2 gm/Litre of water
FUNGICIDE,Carbendazim,Nainzim 50 WP,AP-2457,Nafis Crop Care,Chili,Anthracnose,2 gm/Litre of water
FUNGICIDE,Carbendazim,Sufi 50 WP,AP-2458,Valent Tech Limited,Mango,Anthracnose,2 gm/Litre of water
FUNGICIDE,Carbendazim,Suzim 50 WP,AP-2459,Surovi Agro Industries Limited,Tomato,Early blight,2 gm/Litre of water
FUNGICIDE,Carbendazim,Atop 50 WP,AP-2460,Agrivision International,Cucurbit,Powdery mildew,2 gm/Litre of water
FUNGICIDE,Carbendazim,Cutzim 50 WP,AP-2461,Mary Gold Agro Science,Cucurbit,Powdery mildew,2 gm/Litre of water
FUNGICIDE,Carbendazim,Reliable 50 WP,AP-2617,Delta Agro Chemicals,Banana,Sigatoka,2 gm/Litre of water
FUNGICIDE,Carbendazim,Parastine50 WP,AP-2783,Perfect Agro Care,Banana,Sigatoka,2 gm/Litre of water
FUNGICIDE,Carbendazim,M-Hitter 50 WP,AP-2784,United Agri Care Limited,Banana,Sigatoka,2 gm/Litre of water
FUNGICIDE,Carbendazim,Freshcozim 50 WP,AP-2785,Agro Systems Limited,Rice,Seed Treatment,2.5 gm/kg seeds
FUNGICIDE,Carbendazim,Ranazim 50 WP,AP-3121,Runner Agro Products Limited,Tea,"Die back, Black rot",750 gm
FUNGICIDE,Carbendazim,Ranazim 50 WP,AP-3121,Runner Agro Products Limited,Tomato,Wilt,2 gm/Litre of water
FUNGICIDE,Carbendazim,Cloud 50 WP,AP-3122,Keen Care Crop Science,Tea,"Die back, Black rot",750 gm
FUNGICIDE,Carbendazim,Rupali 50 WP,AP-3123,Aristocrat Agro Services Ltd.,Mango,Anthracnose,1 gm/Litre of water
FUNGICIDE,Carbendazim,Neustin 50 WP,AP-3124,Biotech Agrovet,Tomato,Seedling rot,2 gm/Litre of water
FUNGICIDE,Carbendazim,Tajarat 50 WP,AP-3125,Tajarat Agro Industries Limited,Tomato,Seedling rot,2 gm/Litre of water
FUNGICIDE,Carbendazim,G-Sign 50 WP,AP-3126,One Agro Concern,Tomato,Wilt,2 gm/Litre of water
FUNGICIDE,Carbendazim,Minzim 50 WP,AP-3127,Meem Corporation,Tomato,Early blight,2 gm/Litre of water
FUNGICIDE,Carbendazim,Cleanzim 50 WP,AP-3128,Clean Agro,Mango,Anthracnose,2 gm/Litre of water
FUNGICIDE,Carbendazim,Calibar 50 WP,AP-3129,Green Bangla Formulation,Tea,"Red rust, Die back, Black rot",750 gm
FUNGICIDE,Carbendazim,Savistin 50 WP,AP-3130,Retina Agro Chemical,Tea,"Red rust, Die back, Black rot",750 gm
FUNGICIDE,Carbendazim,Topzim 50 WP,AP-3131,Kohinoor Agro Chemical,Mango,Anthracnose,2 gm/Litre of water
FUNGICIDE,Carbendazim,Barbiton 50 DF,AP-3132,S M Agriculture Division,Mango,Anthracnose,2 gm/Litre of water
FUNGICIDE,Carbendazim,Zamka 50 WP,AP-3133,Modern Agri Care,Tea,"Red rust, Die back, Black rot",750 gm
FUNGICIDE,Carbendazim,Magpai 50 WP,AP-3134,Apex Agro Industries Limited,Tomato,Early blight,2 gm/Litre of water
FUNGICIDE,Carbendazim,Greatzim 50 WP,AP-3217,Great Agro Care,Cucumber,Powdery mildew,2 gm/Litre of water
FUNGICIDE,Carbendazim,Sahzim 50 WP,AP-3236,Shahjalal Agro Industries,Cucumber,Powdery mildew,2 gm/Litre of water
FUNGICIDE,Carbendazim,Lidazin 50 WP,AP-3238,Lily Traders,Cucumber,Powdery mildew,2 gm/Litre of water
FUNGICIDE,Carbendazim,Larkzim 50 WP,AP-3239,Balak Enterprise,Cucumber,Powdery mildew,2 gm/Litre of water
FUNGICIDE,Carbendazim,Carbeluck 50 WP,AP-3240,Unicrop Protection Limited,Cucumber,Powdery mildew,2 gm/Litre of water
FUNGICIDE,Carbendazim,Rimzim 50 WP,AP-3241,Cobra Land Care,Cucumber,Powdery mildew,2 gm/Litre of water
FUNGICIDE,Carbendazim,Natzim 50 WP,AP-3242,National Green Enterprise,Cucumber,Powdery mildew,2 gm/Litre of water
FUNGICIDE,Carbendazim,Delcozim 50 WP,AP-3243,Delco Agro Industries,Cucumber,Powdery mildew,2 gm/Litre of water
FUNGICIDE,Carbendazim,Cadim 50 WP,AP-3244,The Chemicals,Cucumber,Powdery mildew,2 gm/Litre of water
FUNGICIDE,Carbendazim ( 32.5%) + Hexaconazole (2.5%),Defense 35 SC,AP-2792,Haychem (Bangladesh) Limited,Wheat,Scarb,1 ml/Litre of water
FUNGICIDE,Carboxin (17.5%) + Thiram (17.5%),Provax 200 WP,AP-1146,Hossain Enterprise C.C. Limited,Wheat,"Seedling blight, Foot rot",3 gm/Kg seed
FUNGICIDE,Carboxin (17.5%) + Thiram (17.5%),Provax 200 WP,AP-1146,Hossain Enterprise C.C. Limited,Wheat,Seedling disease,4 gm/Kg seed
FUNGICIDE,Carboxin (17.5%) + Thiram (17.5%),Provax 200 WP,AP-1146,Hossain Enterprise C.C. Limited,Jute,"Seed rot, Seedling disease,",4 gm/Kg seed
FUNGICIDE,Carboxin (17.5%) + Thiram (17.5%),Provax 200 WP,AP-1146,Hossain Enterprise C.C. Limited,Jute,"Wilting, Soft rot,  Anthracnose,",4 gm/Kg seed
FUNGICIDE,Carboxin (17.5%) + Thiram (17.5%),Provax 200 WP,AP-1146,Hossain Enterprise C.C. Limited,Rice,(Seed borne) Bipolaris oryzae,3 gm/kg seed
FUNGICIDE,Carboxin (17.5%) + Thiram (17.5%),Provax 200 WP,AP-1146,Hossain Enterprise C.C. Limited,Brinjal,Seedling disease,2 gm/kg seed
FUNGICIDE,Carboxin (17.5%) + Thiram (17.5%),Provax 200 WP,AP-1146,Hossain Enterprise C.C. Limited,Bottle gourd,Seedling disease,2 gm/kg seed
FUNGICIDE,Carboxin (17.5%) + Thiram (17.5%),Provax 200 WP,AP-1146,Hossain Enterprise C.C. Limited,Potato,Black scarf,2.5 gm/litre of water
FUNGICIDE,Carboxin (17.5%) + Thiram (17.5%),Mapvax 75 WP,AP-1389,MAP Agro Industries Limited,Jute,"Seed rot, Seedling disease wilting soft",4 gm/Kg seed
FUNGICIDE,Carboxin (17.5%) + Thiram (17.5%),Mapvax 75 WP,AP-1389,MAP Agro Industries Limited,,"rot, Stem rot, Anthracnose, Black bont",4 gm/Kg seed
FUNGICIDE,Carboxin (17.5%) + Thiram (17.5%),Mapvax 75 WP,AP-1389,MAP Agro Industries Limited,Wheat,"Seedling blight, Foot rot",3 gm/Kg seed
FUNGICIDE,Carboxin (17.5%) + Thiram (17.5%),VitaFlo 200 FF,AP-1611,Hossain Enterprise C.C. Limited,Jute,"Seed rot, Black bend, Die back",2.5-3 ml/kg seed
FUNGICIDE,Carboxin (17.5%) + Thiram (17.5%),VitaFlo 200 FF,AP-1611,Hossain Enterprise C.C. Limited,Wheat,"Seedling blight, Foot rot",3 ml/kg seed
FUNGICIDE,Carboxin (17.5%) + Thiram (17.5%),VitaFlo 200 FF,AP-1611,Hossain Enterprise C.C. Limited,Rice,Seed treatment,5 ml/kg seed
FUNGICIDE,Carbendazim (17.5%)+Iprodione (35%),Shelter 52.5 WP,AP-3251,Surovi Agro Industries Limited,Cucumber,Powdery mildew,2 gm/Litre of water
FUNGICIDE,Chlorothalonil,Deconil 500 EC,AP-2114,Haychem (Bangladesh) Limited,Potato,Late Blight,750 ml
FUNGICIDE,Chlorothalonil,Rotanil 500 SC,AP-2701,Agro Arena Associates,Tea,"Die back, Black rot",2.00 Litre
FUNGICIDE,Chlorothalonil,Rotanil 500 SC,AP-2701,Agro Arena Associates,Potato,Late blight,2 ml/Litre of water
FUNGICIDE,Copper hydroxide,Champion 77 WP,AP-354,Petrochem (Bangladesh) Limited,Potato & Tomato,Late blight,2 gm/Litre of water
FUNGICIDE,Copper hydroxide,Champion 77 WP,AP-354,Petrochem (Bangladesh) Limited,"Mango, Chili",Anthracnose,2 gm/Litre of water
FUNGICIDE,Copper hydroxide,Champion 77 WP,AP-354,Petrochem (Bangladesh) Limited,Citrus,Scab,2 gm/Litre of water
FUNGICIDE,Copper hydroxide,Champion 77 WP,AP-354,Petrochem (Bangladesh) Limited,Banana,Leaf spot,2 gm/Litre of water
FUNGICIDE,Copper hydroxide,Champion 77 WP,AP-354,Petrochem (Bangladesh) Limited,Ground nut,Tikka rust,2 gm/Litre of water
FUNGICIDE,Copper hydroxide,Champion 77 WP,AP-354,Petrochem (Bangladesh) Limited,Tea,Red rust disease,2.24 Kg
FUNGICIDE,Copper hydroxide,Dolphin 77 WP,AP-716,MAP Agro Industries Limited,Banana,Sigatoka,6.50 gm/Litre of water
FUNGICIDE,Copper hydroxide,Hydrocob 77 WP,AP-792,Asia Trade International,Potato,Late blight,3.50 gm/Litre of water
FUNGICIDE,Copper hydroxide,Win 77 WP,AP-1119,Alpha Agro Limited,Tomato,Early & Late blight,2 gm/Litre of water
FUNGICIDE,Copper hydroxide,Win 77 WP,AP-1119,Alpha Agro Limited,Potato,Late blight,2 gm/Litre of water
FUNGICIDE,Copper hydroxide,Parasol 77 WP,AP-1360,Eminence Chemical Industries Ltd,Potato,Late blight,2 gm/Litre of water
FUNGICIDE,Copper hydroxide,Parasol 77 WP,AP-1360,Eminence Chemical Industries Ltd,Chili,Anthracnose,2 gm/Litre of water
FUNGICIDE,Copper hydroxide,Superex 77 WP,AP-1861,Rajib Agro Chemicals Limited,Tea,"Die back,Black rot, Red rust",750 gm
FUNGICIDE,Copper hydroxide,Jibal 77 WP,AP-1876,Intafa,Chili,Anthracnose,2 gm/Litre of water
FUNGICIDE,Copper hydroxide,Jibal 77 WP,AP-1876,Intafa,Mango,Anthracnose,2 gm/Litre of water
FUNGICIDE,Copper oxychloride,Sunvit 50 WP,AP-527,McDonald Bangladesh (Pvt) Limited,Tea,Red rust,2.80 Kg
FUNGICIDE,Copper oxychloride,Sunvit 50 WP,AP-527,McDonald Bangladesh (Pvt) Limited,Sesame,Leaf spot,3.40 Kg
FUNGICIDE,Copper oxychloride,Sulcox 50 WP,AP-528,Haychem (Bangladesh) Limited,Tea,"Die back, Black rot & Red rust",2.80 Kg
FUNGICIDE,Copper oxychloride,Sulcox 50 WP,AP-528,Haychem (Bangladesh) Limited,Pulse & Oil crops,Leaf spot,3.40 Kg
FUNGICIDE,Copper oxychloride,Sulcox 50 WP,AP-528,Haychem (Bangladesh) Limited,Onion,Purple blotch,2 gm/Litre of water
FUNGICIDE,Copper oxychloride,Oxivit 50 WP,AP-616,SAM Agro Chemical,Potato,Late blight,3.50 Kg
FUNGICIDE,Copper oxychloride,Oxivit 50 WP,AP-616,SAM Agro Chemical,Tomato,Early blight,3.5 gm/Litre of water
FUNGICIDE,Copper oxychloride,Copper 50 WP,AP-703,Reximco Insecticides Limited,Tea,Red rust,2.80 Kg
FUNGICIDE,Copper oxychloride,Blitox 50 WP,AP-704,Auto Crop Care Limited,Tea,Red rust,2.80 Kg
FUNGICIDE,Copper oxychloride,Haymoxy 50 WP,AP-715,Haychem (Bangladesh) Limited,Banana,Sigatoka,6.50 gm/Litre of water
FUNGICIDE,Copper oxychloride,Haymoxy 50 WP,AP-715,Haychem (Bangladesh) Limited,Tea,Red rust,2.80 Kg
FUNGICIDE,Copper oxychloride,Oxicob 50 WP,AP-791,Asia Trade International,Potato,Late blight,3.50 gm/Litre of water
FUNGICIDE,Copper oxychloride,Acmecop 50 WP,AP-875,Chemolimpex Agro Limited,Tea,Red rust,2.80 Kg
FUNGICIDE,Copper oxychloride,Topgun 50 DF,AP-974,Global Agrochemicals Limited,Potato and Tomato,Early & Late blight,2 gm/Litre of water
FUNGICIDE,Copper oxychloride,Blue-cop 50 WP,AP-994,Agrimax Bangladesh Limited,Tea,Red rust,2.80 Kg
FUNGICIDE,Copper oxychloride,Pipertox 50 WP,AP-1057,Agribusiness International,Tomato,Early & Late blight,4 gm/litre of water
FUNGICIDE,Copper oxychloride,Pipertox 50 WP,AP-1057,Agribusiness International,Potato,Late blight,2 gm/litre of water
FUNGICIDE,Copper oxychloride,Pipertox 50 WP,AP-1057,Agribusiness International,Mango,Anthracnose,4 gm/litre of water
FUNGICIDE,Copper oxychloride,Emivit 50 WP,AP-1310,Eminence Chemical Industries Ltd,Tea,Red rust,2.80 Kg
FUNGICIDE,Copper oxychloride,Emivit 50 WP,AP-1310,Eminence Chemical Industries Ltd,Chili,Die back,70 gm/10 lt of water
FUNGICIDE,Copper oxychloride,Delight 50 WP,AP-1675,ACI Formulations Limited,Potato,Late blight,2 gm/litre of water
FUNGICIDE,Copper oxychloride,Delight 50 WP,AP-1675,ACI Formulations Limited,Tea,"Die back, Black rot & Red rust",2.80 Kg
FUNGICIDE,Copper oxychloride,Polyco 50 WP,AP-1841,Polymer Agro Industries Ltd.,Tea,"Die back, Black rot & Red rust",2.80 Kg
FUNGICIDE,Copper oxychloride,Baicoper 50 WP,AP-1842,Bangladesh Agricultural Industries,Tomato,Late blight,2 gm/litre of water
FUNGICIDE,Copper oxychloride,Baicoper 50 WP,AP-1842,Bangladesh Agricultural Industries,Tea,"Die back, Black rot & Red rust",2.80 Kg
FUNGICIDE,Copper oxychloride,Gunner 50 WP,AP-1877,Global Agrovet Limited,Potato,Late blight,0.8-1.0 Kg
FUNGICIDE,Copper oxychloride,MS Vit 50 WP,AP-2506,M S Agro Chemicals Company Ltd,Tea,"Die back, Black rot & Red rust",2.80 Kg
FUNGICIDE,Copper oxychloride,Capvit 50 WP,AP-2507,Rico Agrovet,Tea,"Die back, Black rot & Red rust",2.80 Kg
FUNGICIDE,Copper oxychloride,Copraz 50 WP,AP-2508,Siraj Agro International,Tomato,Early blight,2.5 gm/litre of water
FUNGICIDE,Copper oxychloride,M-Cop 50 WP,AP-2778,Mamun Agro Products Limited,Banana,Sigatoka,2.50 Kg
FUNGICIDE,Copper oxychloride,Oxycol 50 WP,AP-3142,Lorota International,Potato,Late blight,2 gm/Litre of water
FUNGICIDE,Copper oxychloride,Coxy 50 WP,AP-3143,Aama Green Care,Mango,Anthracnose,2 gm/Litre of water
FUNGICIDE,Copper oxychloride,Coxy 50 WP,AP-3143,Aama Green Care,Tea,"Red rust, Die back, Black rot",2.80 Kg
FUNGICIDE,Copper oxychloride,Goldton 50 WP,AP-3144,Shetu Pesticides Limited,Cucumber,Downey mildew,2 gm/Litre of water
FUNGICIDE,Dichloran,Arniline 8 WP,AP-1161,A-Intraco (Bangladesh) Limited,Potato,"Foot, Shoot & Leaf rot",2.0 gm/Litre of water
FUNGICIDE,Dichloran,Arniline 8 WP,AP-1161,A-Intraco (Bangladesh) Limited,"Tomato, Onion","Root, Stand & Leaf rot",2.0 gm/Litre of water
FUNGICIDE,Difenoconazole,Score 250 EC,AP-384,Syngenta Bangladesh Limited,Onion,Purple blotch,0.5 ml/Litre of water
FUNGICIDE,Difenoconazole,Score 250 EC,AP-384,Syngenta Bangladesh Limited,Chili,Leaf spot,0.5 ml/Litre of water
FUNGICIDE,Difenoconazole,Score 250 EC,AP-384,Syngenta Bangladesh Limited,Betel vine,Foot rot,0.5 ml/Litre of water
FUNGICIDE,Difenoconazole,Score 250 EC,AP-384,Syngenta Bangladesh Limited,Banana,Sigatoka,0.5 ml/Litre of water
FUNGICIDE,Difenoconazole,Score 250 EC,AP-384,Syngenta Bangladesh Limited,Rice,Sheath blight,1 ml/Litre of water
FUNGICIDE,Difenoconazole,Score 250 EC,AP-384,Syngenta Bangladesh Limited,Mango,Anthracnose,0.5 ml/Litre of water
FUNGICIDE,Difenoconazole,Rofenon 25 EC,AP-1711,Aartessa Trading,Rice,Sheath blight,500 ml
FUNGICIDE,Difenoconazole,Rofenon 25 EC,AP-1711,Aartessa Trading,Onion,Purple blotch,0.5 ml/Litre of water
FUNGICIDE,Difenoconazole,Defender 25 EC,AP-1757,National AgriCare Import & Export Ltd,Banana,Sigatoka,0.5 ml/Litre of water
FUNGICIDE,Difenoconazole,Run 250 EC,AP-2305,East West Chemicals Limited,Banana,Sigatoka,0.5 ml/Litre of water
FUNGICIDE,Difenoconazole,Bond 250 EC,AP-2390,Agritech,Mango,Anthracnose,0.5 ml/Litre of water
FUNGICIDE,Difenoconazole,Bond 250 EC,AP-2390,Agritech,Banana,Sigatoka,0.5 ml/Litre of water
FUNGICIDE,Difenoconazole,Venga 10 WDG,AP-2786,Active Crop Care Limited,Banana,Sigatoka,1gm/Litre of water
FUNGICIDE,Difenoconazole (15%),X-Tra Care 300 EC,AP-1773,Haychem (Bangladesh) Limited,Rice,Sheath blight,120 ml
FUNGICIDE,Propiconazole (15%),Combi-2 30 EC,AP-1775,National AgriCare Import & Export Ltd,Rice,Sheath blight,120 ml
FUNGICIDE,Propiconazole (15%),Perk 300 EC,AP-2544,Aama Green Care,Mango,Anthracnose,2 ml/Litre of water
FUNGICIDE,Propiconazole (15%),Cropcep 300 EC,AP-2545,Mimpex Agrochemicals Limited,Chili,Anthracnose,0.5 ml/Litre of water
FUNGICIDE,Propiconazole (15%),Cropcep 300 EC,AP-2545,Mimpex Agrochemicals Limited,Banana,Sigatoka,0.5 ml/Litre of water
FUNGICIDE,Propiconazole (15%),Evaeilt Super 300 EC,AP-1591,E H & Agrovet Limited,Rice,Sheath blight,120 ml
FUNGICIDE,Propiconazole (15%),Safemaster 300 EC,AP-2775,Surovi Agro Industries Limited,Mango,Anthracnose,0.5 ml/Litre of water
FUNGICIDE,Propiconazole (15%),Two Zole 30 SC,AP-3079,East West Crop Science Limited,Tea,"Die back, Black rot",750 ml
FUNGICIDE,Propiconazole (15%),Ricozole 300 EC,AP-3080,Rico Agrovet,Tea,"Die back, Black rot",750 ml
FUNGICIDE,Propiconazole (15%),Differ 300 EC,AP-3081,ACI Agrochemicals Limited,Tea,"Die back, Black rot",750 ml
FUNGICIDE,Propiconazole (15%),Dial 300 EC,AP-3082,Valent Tech Limited,Banana,Sigatoka,0.5 ml/Litre of water
FUNGICIDE,Propiconazole (15%),Banner 300 EC,AP-3246,Amco Agricultural Industries,Cucumber,Powdery mildew,2 ml/Litre of water
FUNGICIDE,Propiconazole (15%),A-One 300 EC,AP-3247,Aranya Crop Care Limited,Cucumber,Powdery mildew,2 ml/Litre of water
FUNGICIDE,Propiconazole (15%),Monizole 300 EC,AP-3248,Agro Monitor,Cucumber,Powdery mildew,2 ml/Litre of water
FUNGICIDE,Propiconazole (15%),Endavour 300 EC,AP-3249,Atherton Imbros Company Limited,Cucumber,Powdery mildew,2 ml/Litre of water
FUNGICIDE,Propiconazole (15%),Quilt 300 EC,AP-3250,Bangladesh Agricultural Industries,Cucumber,Powdery mildew,2 ml/Litre of water
FUNGICIDE,Dimethomorph (9%) + Mancozeb (60%),Acrobat MZ,AP-353,BASF Bangladesh Limited,Potato & Tomato,Early & Late blight,2.00 Kg
FUNGICIDE,Dimethomorph (9%) + Mancozeb (60%),Acrobat MZ,AP-353,BASF Bangladesh Limited,Chili,Anthracnose,2.00 Kg
FUNGICIDE,Dimethomorph (9%) + Mancozeb (60%),Acrobat MZ,AP-353,BASF Bangladesh Limited,Banana,Leaf spot,2.00 Kg
FUNGICIDE,Dimethomorph (9%) + Mancozeb (60%),Acrobat MZ,AP-353,BASF Bangladesh Limited,Ground nut,Tikka rust,2.00 Kg
FUNGICIDE,Dimethomorph (9%) + Mancozeb (60%),Forum MZ,AP-2535,BASF Bangladesh Limited,Potato,Late blight,2 gm/Litre of water
FUNGICIDE,Dimethomorph (9%) + Mancozeb (60%),Hasin 69 WP,AP-3235,Intefa,Cucumber,Powdery mildew,2 gm/Litre of water
FUNGICIDE,Diniconazole,Merabow 12.5 WP,AP-984,MAP Agro Industries Limited,Ground nut,Tikka,2 gm/Litre of water
FUNGICIDE,Edifenphos,Edifen 50 EC,AP-268,Shetu Pesticides Limited,Rice,"Blast, Blister blight & Brown blight",850 ml
FUNGICIDE,Epoxiconazol,Opal 7.5 EC,AP-2314,BASF Bangladesh Limited,Rice,Sheath blight,1.25 Litre
FUNGICIDE,Epoxiconazol,Opal 7.5 EC,AP-2314,BASF Bangladesh Limited,Cucurbit,Powder mildew,2.5 ml/Litre of water
FUNGICIDE,Epoxiconazol (12.5%) + Carbendazim (12.5%),Rista 25 SC,AP-3226,Eon Trading House,Cucumber,Powder mildew,800 ml
FUNGICIDE,Fusilazole,Nustar 40 EC,AP-1523,Petrochem Agro Industries Ltd.,Rice,Sheath blight,200 ml
FUNGICIDE,Fusilazole,Nustar 40 EC,AP-1523,Petrochem Agro Industries Ltd.,Chili,Anthracnose,150 ml/ha
FUNGICIDE,Fusilazole (12.5%) + Carbendazim (25%),Pacer 37.5 SC,AP-3141,Eon Trading House,Wheat,Leaf blight,600 ml
FUNGICIDE,Hexaconazole,Contaf 5 EC,AP-460,Auto Crop Care Limited,Rice,Sheath blight,500 ml
FUNGICIDE,Hexaconazole,Contaf 5 EC,AP-460,Auto Crop Care Limited,Banana,Sigatoka,1 ml/Litre of water
FUNGICIDE,Hexaconazole,Contaf 5 EC,AP-460,Auto Crop Care Limited,Cucurbits,Powdery mildew,1 ml/Litre of water
FUNGICIDE,Hexaconazole,Contaf 5 EC,AP-460,Auto Crop Care Limited,Tea,Red rust disease,750 ml
FUNGICIDE,Hexaconazole,Contaf 5 EC,AP-460,Auto Crop Care Limited,Mango,Powdery mildew and Anthracnose,2 ml/Litre of water
FUNGICIDE,Hexaconazole,Contaf 5 EC,AP-460,Auto Crop Care Limited,Ground nut,Tikka disease,1 ml/Litre of water
FUNGICIDE,Hexaconazole,Contaf 5 EC,AP-460,Auto Crop Care Limited,Bettle Vine,"Leaf rot, Vine rot & blight",1 ml/Litre of water
FUNGICIDE,Hexaconazole,Hayconazol 5 EC,AP-713,Haychem (Bangladesh) Limited,Banana,Sigatoka,1 ml/Litre of water
FUNGICIDE,Hexaconazole,Hayconazol 5 EC,AP-713,Haychem (Bangladesh) Limited,Cucurbits,Powdery mildew,1 gm/litre of water
FUNGICIDE,Hexaconazole,Hayconazol 5 EC,AP-713,Haychem (Bangladesh) Limited,Rice,Sheath blight/Blast,500 ml
FUNGICIDE,Hexaconazole,Force 5 EC,AP-717,The Limit Agroproducts Limited,Banana,Sigatoka,1 ml/Litre of water
FUNGICIDE,Hexaconazole,Force 5 EC,AP-717,The Limit Agroproducts Limited,Tea,Red rust,750 ml
FUNGICIDE,Hexaconazole,Force 5 EC,AP-717,The Limit Agroproducts Limited,Rice,Sheath blight,500 ml
FUNGICIDE,Hexaconazole,Control 5 EC,AP-782,SARK Bangladesh,Cucurbits,Powdery mildew,1 ml/Litre of water
FUNGICIDE,Hexaconazole,Control 5 EC,AP-782,SARK Bangladesh,Banana,Sigatoka,0.5 ml/Litre of water
FUNGICIDE,Hexaconazole,Control 5 EC,AP-782,SARK Bangladesh,Rice,Sheath blight,500 ml
FUNGICIDE,Hexaconazole,Paragon 5 EC,AP-858,Agro Continent Bangladesh,Banana,Sigatoka,500 ml
FUNGICIDE,Hexaconazole,Paragon 5 EC,AP-858,Agro Continent Bangladesh,Tea,"Die back,Black rot, Red rust",750 ml
FUNGICIDE,Hexaconazole,Titan 5 EC,AP-895,Larsen Chemical Industries (Pvt) Ltd,Tea,Red rust,500 ml
FUNGICIDE,Hexaconazole,Titan 5 EC,AP-895,Larsen Chemical Industries (Pvt) Ltd,Rice,Sheath blight,500 ml
FUNGICIDE,Hexaconazole,Titan 5 EC,AP-895,Larsen Chemical Industries (Pvt) Ltd,Ground nut,Tikka disease,1.00 Litre
FUNGICIDE,Hexaconazole,Titan 5 EC,AP-895,Larsen Chemical Industries (Pvt) Ltd,Mango,Anthracnose,1 m/litre of water
FUNGICIDE,Hexaconazole,Titan 5 EC,AP-895,Larsen Chemical Industries (Pvt) Ltd,Banana,Sigatoka,1 ml/Litre of water
FUNGICIDE,Hexaconazole,Megazole 5 EC,AP-917,Mosco Marketing Company,Banana,Sigatoka,1 ml/Litre of water
FUNGICIDE,Hexaconazole,Xentho 5 EC,AP-978,SAMP Limited,Garden pea,Powdery mildew,1 ml/Litre of water
FUNGICIDE,Hexaconazole,Orozole 5 SC,AP-1020,Oroni International Limited,Rice,Sheath blight,1.0 Litre
FUNGICIDE,Hexaconazole,Orozole 5 SC,AP-1020,Oroni International Limited,Banana,Sigatoka,1 ml/Litre of water
FUNGICIDE,Hexaconazole,Sedozole 5 EC,AP-1045,MARP Bangladesh,Garden pea,Powdery mildew,1 ml/Litre of water
FUNGICIDE,Hexaconazole,Conza 5 EC,AP-1047,ACI Formulations Limited,Garden pea,Powdery mildew,1 ml/Litre of water
FUNGICIDE,Hexaconazole,Conza 5 EC,AP-1047,ACI Formulations Limited,Mango,Anthracnose,2 m/litre of water
FUNGICIDE,Hexaconazole,Conza 5 EC,AP-1047,ACI Formulations Limited,Banana,Sigatoka,1 ml/Litre of water
FUNGICIDE,Hexaconazole,Conza 5 EC,AP-1048,ACI Formulations Limited,Rice,Sheath blight,500 ml
FUNGICIDE,Hexaconazole,Forward 5 SC,AP-1139,MAP Agro Industries Limited,Garden pea,Powdery mildew,1 ml/Litre of water
FUNGICIDE,Hexaconazole,Krizole 5 EC,AP-1199,McDonald Crop Care Limited,Mango,Anthracnose,1 ml/litre of water
FUNGICIDE,Hexaconazole,Krizole 5 EC,AP-1199,McDonald Crop Care Limited,Banana,Sigatoka,1 ml/litre of water
FUNGICIDE,Hexaconazole,Krizole 5 EC,AP-1199,McDonald Crop Care Limited,Rice,Sheath blight,500 ml
FUNGICIDE,Hexaconazole,Baiconazole 5 EC,AP-1353,Bangladesh Agricultural Industries,Cucurbits,Powdery mildew,1 ml/Litre of water
FUNGICIDE,Hexaconazole,Chokka 5 EC,AP-1349,Eon Agro Industries Limited,Cucurbits,Powdery mildew,1 ml/Litre of water
FUNGICIDE,Hexaconazole,Chokka 5 EC,AP-1349,Eon Agro Industries Limited,Rice,Sheath blight,500 ml
FUNGICIDE,Hexaconazole,Blezole 5 EC,AP-1361,Blessing Agrovet Industries Limited,Chili,Anthracnose,1 ml/litre of water
FUNGICIDE,Hexaconazole,Blezole 5 EC,AP-1362,Blessing Agrovet Industries Limited,Banana,Sigatoka,1 ml/litre of water
FUNGICIDE,Hexaconazole,Blezole 5 EC,AP-1363,Blessing Agrovet Industries Limited,Rice,Sheath blight,500 ml
FUNGICIDE,Hexaconazole,Hexazole 5 EC,AP-1393,Haychem (Bangladesh) Limited,Tea,"Red rust, Die-back, Black rot",750 ml in 1000 lt of water
FUNGICIDE,Hexaconazole,Hexazole 5 EC,AP-1393,Haychem (Bangladesh) Limited,Banana,Sigatoka,500 ml
FUNGICIDE,Hexaconazole,Hexazole 5 EC,AP-1393,Haychem (Bangladesh) Limited,Rice,Sheath blight,500 ml
FUNGICIDE,Hexaconazole,Detail 5 SC,AP-1498,Alpha Agro Limited,Mango,Anthracnose,1 ml/litre of water
FUNGICIDE,Hexaconazole,Detail 5 SC,AP-1498,Alpha Agro Limited,Chili,Tikka rust spot,1 ml/litre of water
FUNGICIDE,Hexaconazole,Pochamin 10 EC,AP-1602,Axil Life Sciences Limited,Banana,Sigatoka,1 ml/litre of water
FUNGICIDE,Hexaconazole,Iconazole 5 EC,AP-1615,Integrated Crop Solution Bangladesh,Banana,Sigatoka,1 ml/Litre of water
FUNGICIDE,Hexaconazole,Hexaron 5 EC,AP-1633,Sweet Agrovet Limited,Banana,Sigatoka,1 ml/Litre of water
FUNGICIDE,Hexaconazole,Hexa 5 EC,AP-1676,ACI Formulations Limited,Mango,"Anthracnose, Powdery mildew",2 ml/Litre of water
FUNGICIDE,Hexaconazole,Hexa 5 EC,AP-1676,ACI Formulations Limited,Rice,Sheath blight,500 ml
FUNGICIDE,Hexaconazole,Hexa 5 EC,AP-1676,ACI Formulations Limited,Tea,"Red rust, Die-back, Black rot",750 ml in 1000 lt of water
FUNGICIDE,Hexaconazole,Sun Plus 5 EC,AP-1708,Sun Seed Pesticides,Mango,Anthracnose,2 ml/Litre of water
FUNGICIDE,Hexaconazole,Sun Plus 5 EC,AP-1708,Sun Seed Pesticides,Banana,Sigatoka,1 ml/Litre of water
FUNGICIDE,Hexaconazole,Shabab 5 EC,AP-1758,Intefa,Banana,Sigatoka,1 ml/Litre of water
FUNGICIDE,Hexaconazole,Shabab 5 EC,AP-1758,Intefa,Mango,"Anthracnose, Powdery mildew",2 ml/Litre of water
FUNGICIDE,Hexaconazole,Shabab 5 EC,AP-1758,Intefa,Rice,Sheath blight,500 ml
FUNGICIDE,Hexaconazole,Herazole 5 EC,AP-1774,Corbel International Limited,Rice,Sheath blight,500 ml
FUNGICIDE,Hexaconazole,Amacon 5 EC,AP-1855,Aamagreen Agro limited,Tea,"Red rust, Die-back, Black rot",750 ml in 1000 lt of water
FUNGICIDE,Hexaconazole,Amacon 5 EC,AP-1855,Aamagreen Agro limited,Mango,Powdery mildew,2 ml/Litre of water
FUNGICIDE,Hexaconazole,Index 5 EC,AP-1856,Byco Agro Chemicals,Tea,"Red rust, Die-back, Black rot",750 ml in 1000 lt of water
FUNGICIDE,Hexaconazole,Index 5 EC,AP-1856,Byco Agro Chemicals,Mango,Powdery mildew,1 ml/Litre of water
FUNGICIDE,Hexaconazole,Hexakil 5 EC,AP-1857,Padma Agro Sprayers Co.,Tea,"Red rust, Die-back, Black rot",750 ml in 1000 lt of water
FUNGICIDE,Hexaconazole,Flash 5 EC,AP-1858,A M Traders,Tea,"Red rust, Die-back, Black rot",750 ml in 1000 lt of water
FUNGICIDE,Hexaconazole,Bicotaf 5 EC,AP-1868,Bismillah Corporation Limited,Tea,"Die-back, Black rot",750 ml in 1000 lt of water
FUNGICIDE,Hexaconazole,Bicotaf 5 EC,AP-1868,Bismillah Corporation Limited,Cucurbits,Powdery mildew,1 ml/Litre of water
FUNGICIDE,Hexaconazole,Primezole 5 EC,AP-1869,Prime Agro Limited,Tea,"Die-back, Black rot",750 ml in 1000 lt of water
FUNGICIDE,Hexaconazole,Hexanol 5 EC,AP-1970,Agro Business Support Limited,Tea,"Die-back, Black rot",750 ml in 1000 lt of water
FUNGICIDE,Hexaconazole,Topzol 5 EC,AP-1971,Agrivision International,Tea,"Die-back, Black rot",750 ml in 1000 lt of water
FUNGICIDE,Hexaconazole,Konock 5 EC,AP-1872,Crop Protection & Care Center,Chili,Anthracnose,1 ml/Litre of water
FUNGICIDE,Hexaconazole,Hexagold 5 EC,AP-1873,Asia Trade International,Mango,"Anthracnose, Powdery mildew",1 ml/Litre of water
FUNGICIDE,Hexaconazole,Seconazole 5 EC,AP-1874,Sealand Agro Industries Limited,Mango,"Anthracnose, Powdery mildew",1 ml/Litre of water
FUNGICIDE,Hexaconazole,Seconazole 5 EC,AP-1874,Sealand Agro Industries Limited,Banana,Sigatoka,1 ml/Litre of water
FUNGICIDE,Hexaconazole,Hexan 5 EC,AP-1875,Assent International,Tea,"Red rust, Die-back, Black rot",750 ml in 1000 lt of water
FUNGICIDE,Hexaconazole,Ravzole 5 EC,AP-2180,Raven Agro Chemicals Limited,Banana,Sigatoka,1 ml/Litre of water
FUNGICIDE,Hexaconazole,Getzole 5 EC,AP-2302,One Agro Concern,Banana,Sigatoka,1 ml/Litre of water
FUNGICIDE,Hexaconazole,Pelert 5 EC,AP-2303,Petrochem Agro Industries Ltd.,Banana,Sigatoka,1 ml/Litre of water
FUNGICIDE,Hexaconazole,Janata 5 EC,AP-2304,Home Pest Control,Banana,Sigatoka,1 ml/Litre of water
FUNGICIDE,Hexaconazole,Hazel 5 EC,AP-2495,Dreamland Agro Products,Tea,"Red rust, Die-back, Black rot",750 ml in 1000 lt of water
FUNGICIDE,Hexaconazole,Furazol 5 EC,AP-2496,Sun Corporation,Tea,"Red rust, Die-back, Black rot",750 ml in 1000 lt of water
FUNGICIDE,Hexaconazole,Visha 5 EC,AP-2497,Nidus Agro,Tea,"Red rust, Die-back, Black rot",750 ml in 1000 lt of water
FUNGICIDE,Hexaconazole,Rexizole 5 EC,AP-2498,Reximco Insecticides Limited,Tea,"Red rust, Die-back, Black rot",750 ml in 1000 lt of water
FUNGICIDE,Hexaconazole,Rexizole 5 EC,AP-2498,Reximco Insecticides Limited,Mango,Anthracnose,1 ml/Litre of water
FUNGICIDE,Hexaconazole,Greenzole 5 EC,AP-2499,Green Bangla Agrovet Limited,Chili,Anthracnose,1 ml/Litre of water
FUNGICIDE,Hexaconazole,Curezole 50 SC,AP-2500,Mary Gold Agro Science,Mango,Anthracnose,1 ml/Litre of water
FUNGICIDE,Hexaconazole,Adhezole 5 EC,AP-2501,Advanced Agricultural Solution Ltd,Mango,Anthracnose,1 ml/Litre of water
FUNGICIDE,Hexaconazole,Sicohexa 5 EC,AP-2502,S S Vision Limited,Cucurbits,Powdery mildew,1 ml/Litre of water
FUNGICIDE,Hexaconazole,Sicohexa 5 EC,AP-2502,S S Vision Limited,Banana,Sigatoka,1 ml/litre of water
FUNGICIDE,Hexaconazole,Butazole 50 SC,AP-2503,Crop Life Agro Chemicals Ltd,Cucurbits,Powdery mildew,1 ml/Litre of water
FUNGICIDE,Hexaconazole,Nato 10 EC,AP-2618,Agro Chem Agribusiness,Mango,Powdery mildew,1 ml/Litre of water
FUNGICIDE,Hexaconazole,Hexapure 5 EC,AP-2779,Sahid Enterprise,Banana,Sigatoka,1 ml/litre of water
FUNGICIDE,Hexaconazole,Maczole 5 EC,AP-2780,Mahir Agro Care,Banana,Sigatoka,1 ml/litre of water
FUNGICIDE,Hexaconazole,Setel 5 EC,AP-2781,Rahman Pesticide & Chemicals Co.,Banana,Sigatoka,1 ml/litre of water
FUNGICIDE,Hexaconazole,Winzole 10 EC,AP-2782,A R Khan & Co.,Mango,Powdery mildew,1 ml/Litre of water
FUNGICIDE,Hexaconazole,Winzole 10 EC,AP-2782,A R Khan & Co.,Mango,Anthracnose,1 ml/Litre of water
FUNGICIDE,Hexaconazole,T-Hexa 5 EC,AP-3083,H P Distributor,Tea,"Die back, Black rot",750 ml
FUNGICIDE,Hexaconazole,Fasal Hexa 5 EC,AP-3084,Green Bangla Formulation,Tea,"Die back, Black rot",750 ml
FUNGICIDE,Hexaconazole,Fasal Hexa 5 EC,AP-3084,Green Bangla Formulation,Mango,Anthracnose,1 ml/Litre of water
FUNGICIDE,Hexaconazole,Fizole 5 EC,AP-3085,West Agro Chemicals Industries,Mango,Anthracnose,1 ml/Litre of water
FUNGICIDE,Hexaconazole,Ibex 5 EC,AP-3086,Agro Link (BD),Tea,"Red rust, Die back, Black rot",750 ml
FUNGICIDE,Hexaconazole,Ibex 5 EC,AP-3086,Agro Link (BD),Sweet guard,Powder mildew,1 ml/Litre of water
FUNGICIDE,Hexaconazole,Pro-zole 5 EC,AP-3087,Pratasha International,Cucumber,Powdery mildew,1 ml/Litre of water
FUNGICIDE,Hexaconazole,S-Zole EC,AP-3088,S M Agro International,Tea,"Red rust, Die back, Black rot",750 ml
FUNGICIDE,Hexaconazole,Astozol 5 EC,AP-3089,Asrton Agri Care Bangladesh,Tea,"Red rust, Die back, Black rot",750 ml
FUNGICIDE,Hexaconazole,Kazol 5 EC,AP-3090,Gurpukur Corporation,Tea,"Red rust, Die back, Black rot",750 ml
FUNGICIDE,Hexaconazole,G-Conazole 10 EC,AP-3091,GME Agro Limited,Tea,"Red rust, Die back, Black rot",500 ml
FUNGICIDE,Hexaconazole,Zole ST 10 EC,AP-3090,Symbiosis Technology,Tea,"Red rust, Die back, Black rot",500 ml
FUNGICIDE,Hexaconazole,Abazole 5 EC,AP-3215,Aranya Crop Care Limited,Cucumber,Powdery mildew,1 ml/Litre of water
FUNGICIDE,Hexaconazole,Exzole 5 SC,AP-3218,Cobra Agro Chemical Industries,Cucumber,Powdery mildew,1 ml/Litre of water
FUNGICIDE,Hexaconazole,Benzole 5 EC,AP-3228,Bengal Agro Chemicals Industries,Cucumber,Powdery mildew,1 ml/Litre of water
FUNGICIDE,Hexaconazole,Unihexa 5 EC,AP-3229,Unicrop Protection Limited,Cucumber,Powdery mildew,1 ml/Litre of water
FUNGICIDE,Hexaconazole,Lilizole 5 EC,AP-3230,Lily Traders,Cucumber,Powdery mildew,1 ml/Litre of water
FUNGICIDE,Hexaconazole,Hexicon 5 EC,AP-3231,Siam Agro,Cucumber,Powdery mildew,1 ml/Litre of water
FUNGICIDE,Hexaconazole,Sahzole 5 EC,AP-3232,Shahjalal Agro Industries,Cucumber,Powdery mildew,1 ml/Litre of water
FUNGICIDE,Hexaconazole,Greatzole 5 EC,AP=3233,Great Agro Care,Cucumber,Powdery mildew,1 ml/Litre of water
FUNGICIDE,Iprodione,Rovral 50 WP,AP-143,Bayer CropScience Limited,Mustard,Alternaria spot,1.00 Kg
FUNGICIDE,Iprodione,Rovral 50 WP,AP-143,Bayer CropScience Limited,Onion,Purple blotch,1.00 Kg
FUNGICIDE,Iprodione,Curate 50 WP,AP-1352,Crop Protection & Care Center,Mustard,Alternaria bright,1 gm/litre of water
FUNGICIDE,Iprodione,Curate 50 WP,AP-1352,Crop Protection & Care Center,Onion,Purple blotch,2 gm/litre of water
FUNGICIDE,Iprodione,Curate 50 WP,AP-1352,Crop Protection & Care Center,Tomato,Early blight,2 gm/litre of water
FUNGICIDE,Iprodione,Iprosun 50 WP,AP-1354,Oroni International Limited,Mustard,Alternaria bright,1 gm/litre of water
FUNGICIDE,Iprodione,Iprosun 50 WP,AP-1354,Oroni International Limited,Onion,Purple blotch,2 gm/litre of water
FUNGICIDE,Iprodione,Iprosun 50 WP,AP-1354,Oroni International Limited,Chili,Anthracnose &  Powdery mildew,2 gm/litre of water
FUNGICIDE,Iprodione,Evaral 50 WP,AP-1356,E H & Agrovet Limited,Mustard,Alternaria bright,1 gm/litre of water
FUNGICIDE,Iprodione,Rovanon 50 WP,AP-1385,ACI Formulations Limited,Onion,Purple blotch,2 gm/litre of water
FUNGICIDE,Iprodione,Rovanon 50 WP,AP-1385,ACI Formulations Limited,Mustard,Alternaria bright,1 gm/litre of water
FUNGICIDE,Iprodione,Sinobral 50 WP,AP-1701,Omnechem Limited,Mustard,Alternaria bright,1 gm/litre of water
FUNGICIDE,Iprodione,Hayprodione 50 WP,AP-1702,Haychem (Bangladesh) Limited,Mustard,Alternaria bright,1 gm/litre of water
FUNGICIDE,Iprodione,Googlee 50 WP,AP-1703,East West Crop Science,Mustard,Alternaria bright,1 gm/litre of water
FUNGICIDE,Iprodione,Sevral 50 WP,AP-1706,Atherton Imbros Company Limited,Mustard,Alternaria bright,2 gm/litre of water
FUNGICIDE,Iprodione,Sevral 50 WP,AP-1706,Atherton Imbros Company Limited,Chili,Anthracnose,1 gm/litre of water
FUNGICIDE,Iprodione,Sevral 50 WP,AP-1706,Atherton Imbros Company Limited,Onion,Purple blotch,2 gm/litre of water
FUNGICIDE,Iprodione,Ipron 50 WP,AP-1880,Lorota International,Chili,Anthracnose,2 gm/litre of water
FUNGICIDE,Iprodione,Aristodione 50 WP,AP-1881,Aristocrat Agro Services,Onion,Purple blotch,2 gm/litre of water
FUNGICIDE,Iprodione,Aristodione 50 WP,AP-1881,Aristocrat Agro Services,Mustard,Alternaria blight,1 gm/litre of water
FUNGICIDE,Iprodione,Agrodione 50 WP,AP-1883,Partex Agro Limited,Onion,Purple blotch,2 gm/litre of water
FUNGICIDE,Iprodione,Agrodione 50 WP,AP-1883,Partex Agro Limited,Mustard,Alternaria blight,2 gm/litre of water
FUNGICIDE,Iprodione,Agrodione 50 WP,AP-1883,Partex Agro Limited,Tomato,Early blight,2 gm/litre of water
FUNGICIDE,Iprodione,Memoral 50 WP,AP-1884,Asia Trade International,Mustard,Alternaria blight,2 gm/litre of water
FUNGICIDE,Iprodione,Alphadione 50 WP,AP-1888,Alpha Agro Limited,Onion,Purple blotch,1 gm/litre of water
FUNGICIDE,Iprodione,Alphadione 50 WP,AP-1888,Alpha Agro Limited,Mustard,Alternaria blight,1 gm/litre of water
FUNGICIDE,Iprodione,Okral 50 WP,AP-1927,Marshal Agrovet Chemical Industries Ltd,Onion,Purple blotch,2 gm/litre of water
FUNGICIDE,Iprodione,Okral 50 WP,AP-1927,Marshal Agrovet Chemical Industries Ltd,Mustard,Alternaria blight,1 gm/litre of water
FUNGICIDE,Iprodione,Imperial 50 WP,AP-2540,Bangladesh Agricultural Industries,Onion,Purple blotch,2 gm/Litre of water
FUNGICIDE,Iprodione,Imperial 50 WP,AP-2540,Bangladesh Agricultural Industries,Mustard,Alternaria blight,2 gm/litre of water
FUNGICIDE,Iprodione,RPC 50 WP,AP-2541,Rahman Pesticide & Chemicals Co.,Mustard,Alternaria blight,2 gm/litre of water
FUNGICIDE,Iprodione,Ipro 50 WP,AP-2542,Sweet Agrovet Limited,Mustard,Alternaria blight,1 gm/litre of water
FUNGICIDE,Iprodione,Telus 50 WP,AP-2543,Anika Agro Chemicals,Mustard,Alternaria blight,1 gm/litre of water
FUNGICIDE,Iprodione,Ruvi One 50 WP,AP-3145,Astron Agri Care Bangladesh,Tea,"Die back, Black rot",1.00 Kg
FUNGICIDE,Iprodione,Pottary 50 WP,AP-3146,Aama Green Care,Tomato,Early blight,2 gm/litre of water
FUNGICIDE,Iprodione,Rexral 50 WP,AP-3147,Reximco Insecticides Limited,Tomato,Early blight,2 gm/litre of water
FUNGICIDE,Iprodione,Match 50 WP,AP-3148,Amco Agricultural Industries,Mustard,Alternaria spot,1 gm/litre of water
FUNGICIDE,Iprodione,Rotund 50 WP,AP-3149,Maitri Agro Industries,Mustard,Alternaria spot,1 gm/litre of water
FUNGICIDE,Iprodione  (35%) + Carbendazim (17.5%),Iprozim 26 WP,AP-1355,Oroni International Limited,Mustard,Alternaria bright,1 gm/litre of water
FUNGICIDE,Iprodione  (35%) + Carbendazim (17.5%),Iprozim 26 WP,AP-1355,Oroni International Limited,Onion,Purple blotch,2 gm/litre of water
FUNGICIDE,Iprodione  (35%) + Carbendazim (17.5%),Iprozim 26 WP,AP-1355,Oroni International Limited,Potato,Late blight,2 gm/litre of water
FUNGICIDE,Iprodione  (35%) + Carbendazim (17.5%),Iprozim 26 WP,AP-1355,Oroni International Limited,Sugarcane,Sett rot,2 gm/litre of water
FUNGICIDE,Isoprothiolane,Fujione 40 EC,AP-665,Auto Crop Care Limited,Mango,Anthracnose,1 ml/Litre of water
FUNGICIDE,Isoprothiolane,Fujione 40 EC,AP-665,Auto Crop Care Limited,Rice,Sheath blight,750 ml
FUNGICIDE,Kasugamycin,Kasumin 2% Liquid,AP-1357,Shetu Corporation Limited,Chili,Anthracnose,0.5 ml/Litre of water
FUNGICIDE,Kasugamycin,Kasumin 2% Liquid,AP-1357,Shetu Corporation Limited,Wheat,Leaf rust,0.5 ml/Litre of water
FUNGICIDE,Kasugamycin,Kasumin 2% Liquid,AP-1357,Shetu Corporation Limited,Mango,Anthracnose,0.5 ml/Litre of water
